ej	tipo	numero	do	cliente	ref_cliente	destinacion	fecha	descripcion
26	GMCI	26-GMCI-001168		GM CARGO SRL	JAUSER  MBL: 270895276	26001TRM4008000M	16/09/2026	JAUSER  MBL: 270895276
26	GMCI	26-GMCI-001163		FOX-TEX SA	SAKIRA SA INV A 751	26026IC05002277V	15/09/2026	 
26	GMCI	26-GMCI-001162		ONECLICK ARGENTINO S.R.L.	ONECLICK - IMPO 702 (CMI 7182)	26001TRM4007827F	11/09/2026	TRM 4PLTS 2284.16KGS TEFASA2/ZFLP
26	GMCI	26-GMCI-001161		INDUSTRIAS MAR SAS	26/02081_INDUSTRIAS MAR SAS	26001TRM4007748H	08/09/2026	TRM4 1X40HC TRP/CACEC+CLIENTE/BUE
26	GMCI	26-GMCI-001159		CRUX MARINE SAS 	ARROW ELECTRONICS INV 031201658	26001IC04179541W	09/09/2026	 
26	GMCI	26-GMCI-001152	 	AUSTRAL SOUTH POLE SAS	26/01296 PCC_AUSTRAL SOUTH PONE SAS	26001TRM4007802V	10/09/2026	TRM 1X40H BUE/CACEC+VALLE ESCONDIDO/BUE
26	GMCI	26-GMCI-001150		W.MAX SRL	RECICLA MAS INV 001-002 0000052	26012IC04001037X	03/09/2026	 
26	GMCI	26-GMCI-001148	 	TEJAMAX SA	OP4212 || TEJAMAX	26008TRM4000532V	11/09/2026	TRM RO-RO ZARATE/ CORDOBA
26	GMCI	26-GMCI-001141		M A COMERCIAL SRL	26/01684M A COMERCIAL SRL	26001TRM4007545C	03/09/2026	TRM4 1X20 BUE/ZOFRACOR/MALAGUEÑO/BUE
26	GMCI	26-GMCI-001138		SOCIEDAD DE SAN PABLO	SHENZHEN JINHAO COLOR PRINTING CO., LTD.	26001IC04177242S	07/09/2026	SHENZHEN JINHAO COLOR PRINTING CO; LTD INV JHY20241211 Contenedor China  Canal Verde. Biblias + Impresos.
26	GMCI	26-GMCI-001136		SOCIEDAD DE SAN PABLO	G.C. LOYOLA INV 2640206	26001IC04174976G	02/09/2026	Consolidado España  CONFERENCIA EPISCOPAL ESPAÑOLA / CAUCE LIBROS / ED Bultos:5 Kg:1.625,600 Canal: Verde
26	GMCI	26-GMCI-001135		CELULOSA CANNING SA	PEREZ TRADING INV 147102	26042IC05024214Y	14/09/2026	RODO 542
26	GMCI	26-GMCI-001134		CELULOSA CANNING SA	PEREZ TRADING INV 147100	26042IC05024600N	17/09/2026	RODO 541
26	GMCI	26-GMCI-001133		CELULOSA CANNING SA	PEREZ TRADING INV 147098	26042IC05023880W	10/09/2026	RODO 540
26	GMCI	26-GMCI-001131		CELULOSA CANNING SA	PEREZ TRADING INV 146775	26042IC05023879H	10/09/2026	RODO 527
26	GMCI	26-GMCI-001130		CELULOSA CANNING SA	PEREZ TRADING INV 146758	26042IC05022807U	31/08/2026	RODO 526
26	GMCI	26-GMCI-001129		CELULOSA CANNING SA	PEREZ TRADING INV 146751	26042IC05022577B	27/08/2026	RODO 525
26	GMCI	26-GMCI-001128		CELULOSA CANNING SA	PEREZ TRADING INV 146689	26042IC05022147R	25/08/2026	 
26	GMCI	26-GMCI-001127		ELEVEN TRADE SRL	26/101816_ELEVEN TRADE SRL	26001TRM4007006R	19/08/2026	20/08 TRM4 2X40H BUE/PUERTO DE SANTA FE/ BUE
26	GMCI	26-GMCI-001126		CRUX MARINE SAS 	NORTEK INV 57390	26001IC04165119S	21/08/2026	IMPORT AEREA DHL
26	GMCI	26-GMCI-001125		PROBELT S.R.L.	P103-23	26001IC04166351R	24/08/2026	P103-23
26	GMCI	26-GMCI-001124		HERNANDEZ CARLOS RAFAEL Y HERNANDEZ	26MH331045	26001IC04177424U	07/09/2026	26MH331045
26	GMCI	26-GMCI-001123		PLANTIUM S.A.	ZS202605004-1 _ PLANTIUM SA	26073TRM4002173D	11/08/2026	TRM4 3PKG 447KGS EZE/ZF VILLA CONSTITUCION
26	GMCI	26-GMCI-001122		MISIONEROS CLARETIANOS O HIJOS DEL 	NANJING INV 610-26070019	26001IC04183647B	14/09/2026	 
26	GMCI	26-GMCI-001121		3BL SRL	ALMENDRAS CHILE	26075IC04000792B	02/09/2026	TERRANUT PROFORMA INV BL3A-2026
26	GMCI	26-GMCI-001120	 	ONECLICK ARGENTINO S.R.L.	ONECLICK - IMPO 700 (CMI 7155)	26001TRM4006799M	14/08/2026	TRM4 DFNORTE (ex MURCHISON)/ ZF LA PLATA 8PKG 1630.50KGS
26	GMCI	26-GMCI-001119		SUCESION DE ROCCAFORTE RICARDO ANGE	26/101333 _ SUCESION DE ROCCAFORTE RICARGO ANGEL	26001TRM4006619D	11/08/2026	TRM4 1X40HV BUE/BINDER1+CLIENTE/BUE
26	GMCI	26-GMCI-001117		CELULOSA CANNING SA	IMB PAPELES ET-1181 PI UY-536	26042IC05021220X	14/08/2026	 
26	GMCI	26-GMCI-001115		CYPRES SA	CAMIÓN IC05 LATINBOOKS INV	26001IC05016591S	10/08/2026	Camión completo Tte Rolando SA MTP1013. 2371 Cajas // 21046,87 Kg Bruto Latinbooks International SA A 3008
26	GMCI	26-GMCI-001114	 	CROMIC SRL	26/101726 _ CROMIC SRL	26001TRM4006810T	14/08/2026	TRM4 1X40H BUE/BINDER1+CLIENTE/BUE
26	GMCI	26-GMCI-001113		CELULOSA CANNING SA	PEREZ TRADING COMPANY INV 145942	26042IC05021876C	21/08/2026	 
26	GMCI	26-GMCI-001112	 	GM CARGO SRL	MBL MEDUXZ734195 _ CHACOMER SA	26001TRM4006508A	07/08/2026	TRM4 2X40H EXOLGAN/ CLORINDA+PARAGUAY
26	GMCI	26-GMCI-001111		CELULOSA CANNING SA	PEREZ TRADING COMPANY INV 145097	26029IC05001764B	12/08/2026	 
26	GMCI	26-GMCI-001109		CELULOSA CANNING SA	PEREZ TRADING COMPANY INV 144968	26029IC05001763A	12/08/2026	RODO 482
26	GMCI	26-GMCI-001107		CELULOSA CANNING SA	PEREZ TRADING COMPANY INV 145891	26001IC05017224M	18/08/2026	 
26	GMCI	26-GMCI-001106		CELULOSA CANNING SA	PEREZ TRADING COMPANY INV 145888	26001IC05017548V	20/08/2026	 
26	GMCI	26-GMCI-001105		CRUX MARINE SAS 	IMPO USA INV A122 SEAVIEW+iMARINE	26073IC04090927X	21/08/2026	IMPORT AEREO DOS PROVEEDORES PROCEDENCIA USA
26	GMCI	26-GMCI-001104		BRASTIFF SRL	26/101331 _ BRASTIFF SRL	26001TRM4006223R	29/07/2026	TRM4 BUE/BIN1+ROS/BUE
26	GMCI	26-GMCI-001103		NINA SRL	26/101643 SI_NINA SRL	26001TRM4006330Z	03/08/2026	TRM4 1X40H BUE/BIN2-ROS/BUE
26	GMCI	26-GMCI-001102	 	ELEVEN TRADE SRL	26/101672 _ ELEVEN TRADE SRL	26001TRM4006339C	03/08/2026	TRM 2X40H BUE/SANTA FE PUERTO/ BUE INCLUYE CAMION RT
26	GMCI	26-GMCI-001101	 	ELEVEN TRADE SRL	26/101672 _ ELEVEN TRADE SRL	26001TRM4006341S	03/08/2026	TRM 1X40H BUE/SANTA FE PUERTO/ BUE INCLUYE CAMION RT
26	GMCI	26-GMCI-001100		INDUSTRIAS MAR SAS	26/01695_INDUSTRIAS MAR SA	26001TRM4006258C	31/07/2026	TRM4 2X40H CARGA 04/08 BUE/CORD+CLIENTE/BUE
26	GMCI	26-GMCI-001097		W.MAX SRL	CAUCHO PARAGUAY (CARGA 14) INV 001-002 0000049	26012IC04000789V	27/07/2026	 
26	GMCI	26-GMCI-001094		CROMIC SRL	26/101306 CROMIC	26001TRM4006140P	27/07/2026	TRM 1X40H TCNU4379813 BUE/BINDER1+CLIENTE/BUE
26	GMCI	26-GMCI-001093	 	CROMIC SRL	26/101305_CROMIC SRL	26001TRM4006152S	27/07/2026	TRM 2X40H BUE/BIINDER+CLIENTE/BUE
26	GMCI	26-GMCI-001090		IMPONET SA	IMPO MERCEDES SL500 J M CAR SALES INC INV 11139	26001IC04153959E	07/08/2026	 
26	GMCI	26-GMCI-001089		CELULOSA CANNING SA	IMB PAPELES: ET-1150 UY-509	26042IC05019174A	27/07/2026	 
26	GMCI	26-GMCI-001088		HECTOR CODINI S.A.	26/00937 SI _ HECTOR CODINI SA	26001TRM4006478G	06/08/2026	TRM4 1X40HC HMMU4933998 BUE/MARE/BUE
26	GMCI	26-GMCI-001087		HECTOR CODINI S.A.	26/00936 SI _ HECTOR CODINI SA	26001TRM4006473B	06/08/2026	TRM4 1X40HC GAOU6207491 BUE/CACEC/BUE
26	GMCI	26-GMCI-001086		JOSE MILANESIO SRL	26/00785 SI _ JOSE MILANESIO SRL	26001TRM4006038V	23/07/2026	1X20 IMO BEAU2892407 TRM BUE/CACEC/BUE
26	GMCI	26-GMCI-001085		PLAYGAME SRL	26/101498 SI_PLAYGAME SRL	26001TRM4005921V	20/07/2026	3X40H TRM T4/BINDER 2+CLIENTE+BUE
26	GMCI	26-GMCI-001084		ENVASES POLIVERSAL SA	26/101103 _ ENVASES POLIVERSTAL SA	26001TRM4006047V	23/07/2026	TRM4 1X40H BUE/ROS NO INCLUYE CAMIÓN
26	GMCI	26-GMCI-001082	 	W.MAX SRL	CAUCHO PARAGUAY (CARGA 13) INV 001-002 0000048	26012IC04000762M	22/07/2026	 
26	GMCI	26-GMCI-001081		PROBELT S.R.L.	P87-26 MODUTECH	26073IC04075055D	15/07/2026	P87-26 MODUTECH
26	GMCI	26-GMCI-001079		ENVASES AUSTRAL SA	26/01386	26001TRM4005819E	16/07/2026	26/01386
26	GMCI	26-GMCI-001077		W.MAX SRL	CAUCHO PARAGUAY (CARGA 12) INV 001-002 0000045	26012IC04000705J	14/07/2026	 
26	GMCI	26-GMCI-001074		PRIOTTI NANCY MARIA	JD 645FD DM AUCTIONS INV #557978	26008IC04006579G	13/08/2026	ETD 26/06 - ETA 14-07 // BUQUE: SUNSHINE ACE JCCM35587
26	GMCI	26-GMCI-001073		PRIOTTI NANCY MARIA	jD S670 RANDALL BROTHERS INV 32565	26008IC04006075U	29/07/2026	ETD: 11/07 - ETA 05/08 // BUQUE: HERITAGE LEADER JCCM35440
26	GMCI	26-GMCI-001072		W.MAX SRL	CAUCHO PARAGUAY (CARGA 11) INV 001-002 0000044	26012IC04000685Z	07/07/2026	 
26	GMCI	26-GMCI-001071		ADALMI SRL	IMPO HAMMER CARS BUSINESS LLC INV 23-120	26001IC04153992B	07/08/2026	 
26	GMCI	26-GMCI-001070	 	CELULOSA CANNING SA	IMB PAPELES: ET-1117 UY-495	26012IC04000682N	07/07/2026	IMPORT TERRESTRE FTL CLORINDA
26	GMCI	26-GMCI-001069	 	INDUSTRIAS MAR SAS	PCC 26/01376 SI _ INDUSTRIAS MAR SA	26001TRM4005425U	30/06/2026	TRM 2X40RH NOR BUE/CACEC+CLIENTE CORD CAP/ BUE
26	GMCI	26-GMCI-001068	 	CROMIC SRL	26/101202 SI _ CROMIC SRL	26001TRM4005646C	13/07/2026	TRM 1X40H EXOLGAN/BINDER 1+CLIENTE
26	GMCI	26-GMCI-001067		W.MAX SRL	CAUCHO PARAGUAY (CARGA 10) INV 001-002 0000042	26012IC04000662L	01/07/2026	 
26	GMCI	26-GMCI-001065		3BL SRL	SMARTNUTS ALMONDS INV	26001IC05014984W	20/07/2026	Carga consolidada Tte. Lizana SMARTNUTS SPA  Inv.1627 // 400 cajas 4000 Kg Almendras sin càscara partidas y rayadas cosecha 2026.
26	GMCI	26-GMCI-001064		MARIANO D. GUARDATTI	26/102054 SI : GUARDATTI MARIANO DAVID	26001TRM4005511Z	02/07/2026	TRM BUE/BINDER+CLIENTE 1X40H PCIU9293701
26	GMCI	26-GMCI-001063		CELULOSA CANNING SA	IMPO CUCHILLAS HOLSTEN FEDEX INV	26001IC04133837U	14/07/2026	Carga consolidada camiòn FEDEX Proveedor:HELSTEN IND. E COM. DE FACAS E FERRAMIENTAS LTDA. Inv.128/2026 Depòsito Fiscal Terminal Panamericana. Gral Pacheco. Canal Rojo. Bultos:2 // Kgs:147,680 
26	GMCI	26-GMCI-001062	 	ROS MEDICAL S.A.	075-67758364 ROS MEDICAL SA	26073TRM4001592H	24/06/2026	TRAM EZEIZA/ BINDER 1 HAWB: 00300853 8PKG 484KGS
26	GMCI	26-GMCI-001061		ENVASES POLIVERSAL SA	26/101100 ENVASES POLIVERSAL SA	26001TRM4005355W	29/06/2026	TRAM BUE/BINDER1+CLIENTE 1X40FR ZCSU6630012
26	GMCI	26-GMCI-001060	 	3BL SRL	INV 26-0882 AVENA SIN GLUTEN OP33	26075IC04000529W	01/07/2026	 
26	GMCI	26-GMCI-001058	 	INDUSTRIAS MAR SAS	CBA 26/01256 SI_INDUSTRIAS MAR SA	26001TRM4005062R	17/06/2026	TRM T4/CACEC+CLIENTE CORD. CAP. 2X40HC
26	GMCI	26-GMCI-001056		BOTO DE MATOS MAXIMILIANO CARLOS	P-PC-0069-26	26001IC04121948U	23/06/2026	P-PC-0069-26
26	GMCI	26-GMCI-001054	 	GOMEZ ROCO Y CIA SRL.	26/00150 SI_GOMEZ ROCO Y CIA SRL	26001TRM4005083U	18/06/2026	TRM TRP-BUE/COZOFRA-SALTA/BUE 1X20 IMO TGCU0188920
26	GMCI	26-GMCI-001053		GARRO FABRIL SA	26/101153 SI_GARRO FABRIL SA	26001TRM4004950W	16/06/2026	16/06 TRM BUE/ VENADO TUERTO/ BUE 1x20 MRKU7493197
26	GMCI	26-GMCI-001051	 	CUATRO ASES SA	26/01218_CUATRO ASES SA	26001TRM4005044R	17/06/2026	TRM BUE/DFCORD+ADCHIPION/BUE 1X40H MRSU6059700 ***IMO***
26	GMCI	26-GMCI-001050		CYPRES SA	LATINBOOKS INTERNATIONAL INV A3006	26001IC05013068Y	24/06/2026	Camión completo Tte Rolando. Ingreso 24/06/26 . Tefasa I. 2575 Cajas P.Bruto 23397,40. 
26	GMCI	26-GMCI-001049		3BL SRL	TERRANUT-3BL. INV 1175	26001IC05012289S	16/06/2026	ALMENDRAS TERRANUT - 3BL N° AFIDI:AR-435794 N° AFIDI:AR-435796
26	GMCI	26-GMCI-001048	 	CELULOSA CANNING SA	IMB PAPELES: ET-1075	26012IC04000561J	08/06/2026	IMPORT TERRESTRE FTL CLORINDA
26	GMCI	26-GMCI-001047		CUATRO ASES SA	CBA 26/01125_CUATRO ASES SA	26001TRM4004781B	08/06/2026	1X40H GESU6341267 TRP-BUE/CACEC/ADCHIPION
26	GMCI	26-GMCI-001046	 	CELULOSA CANNING SA	IMB PAPELES: ET1070	26042IC05014391T	09/06/2026	IMPORT TERRESTRE FTL PASO DE LOS LIBRES
26	GMCI	26-GMCI-001045	 	PROBELT S.R.L.	P72-26	26001IC04113284Y	11/06/2026	P72-26
26	GMCI	26-GMCI-001043		CELULOSA CANNING SA	IMB PAPELES: ET-1065	26042IC05014229T	08/06/2026	IMPORT TERRESTRE FTL PASO DE LOS LIBRES  
26	GMCI	26-GMCI-001041		VERDE OSCURO SRL	A 217	26001IC04132639T	13/07/2026	A 217
26	GMCI	26-GMCI-001040		CULTURAL LIBRERA AMERICANA S.A.	Guanghzou New Color Printing Inv 325122404-2	26001IC04145920Z	28/07/2026	Importación  843 cajas. 1X40 NOR Contenedor consolidado c/ SHENZHEN JINHAO COLOR PRINTING CO., LTD. SZLU9561068 ETD 17/06/2026
26	GMCI	26-GMCI-001039		PROBELT S.R.L.	P35-26	26001IC04111255K	09/06/2026	P35-26
26	GMCI	26-GMCI-001038		CELULOSA CANNING SA	142400 Perez Trading Company	26029IC05001335S	24/06/2026	Camión completo papel. Aduana Iguazú
26	GMCI	26-GMCI-001037		CELULOSA CANNING SA	142557	26029IC05001402N	01/07/2026	Camión completo papel. Aduana Iguazú  Inv. 142557 . 15.271 MT.
26	GMCI	26-GMCI-001036	 	CELULOSA CANNING SA	PEREZ TRADING CO: 142396	26029IC05001175U	09/06/2026	IMPORT TERRESTRE FTL IGUAZU
26	GMCI	26-GMCI-001035		CELULOSA CANNING SA	142575 Perez Trading Company	26029IC05001427U	03/07/2026	Camión completo papel. Aduana Iguazú- Inv. 142575. Perez Trading Company. 15.44 MT.
26	GMCI	26-GMCI-001034		CELULOSA CANNING SA	PEREZ TRADING: 142394	26029IC05001149V	04/06/2026	IMPORT TERRETRE FTL IGUAZU
26	GMCI	26-GMCI-001033		CELULOSA CANNING SA	INV 142547	26029IC05001238U	16/06/2026	INV 142547
26	GMCI	26-GMCI-001030		CULTURAL LIBRERA AMERICANA S.A.	SHENZHEN JINHAO JHP20260416201	26001IC04145856B	28/07/2026	Importación  849 cajas. 1X40 NOR Contenedor consolidado c/ Guangzhou New Color Printing CO., LTD. SZLU9561068 ETD 17/06/2026
26	GMCI	26-GMCI-001028		3BL SRL	PISTACHIOS KERNEL	26001IC04171394U	31/08/2026	GFT - GREEN NUTS
26	GMCI	26-GMCI-001027		PRIOTTI NANCY MARIA	JD S690 RANDALL BROTHERS INV 32566	26008IC04006068W	29/07/2026	ETD 26/06 - ETA 14-07 // BUQUE: SUNSHINE ACE JCCM35441
26	GMCI	26-GMCI-001022		PRIOTTI NANCY MARIA	JD S690 DM AUCTIONS INV 557979	26008IC04006052P	29/07/2026	ETD 26/06 - ETA 14-07 // BUQUE: SUNSHINE ACE JCCM35581
26	GMCI	26-GMCI-001021		SENSIMAT SRL	26/400272_ SENSIMAT SRL	26073TRM4001190B	19/05/2026	TRM4 EZE / BINDER 1 / 4 BULTOS
26	GMCI	26-GMCI-001020	 	GARRO FABRIL SA	26/100768 SI_ GARRO FABRIL SA	26001TRM4004078A	14/05/2026	TRM4 T4 / VENADO TUERTO 1X20GP MRKU9581050
26	GMCI	26-GMCI-001019		DC IMPORTACION SRL	26/00438_ DC IMPORTACIÓN SRL	26001TRM4003842V	06/05/2026	TRM4 TRP / DEP. FISCAL CÓRDOBA KOCU4185151
26	GMCI	26-GMCI-001018		3BL SRL	DÁTILES CON CAROZO (IRAN)	26001IC04159321Z	14/08/2026	COMPAÑÍA ATLÁNTICA OP30 //  Contenedor Dátiles con carozo origen Iraní. Compañia Atlántica Proforma 25189. 2250 cajas de 10 kgs c/u. Pre- Afidi AR-433784.
26	GMCI	26-GMCI-001017		CULTURAL LIBRERA AMERICANA S.A.	Arquetipo Grupo Editorial SA 4014	26001IC05010813J	27/05/2026	 
26	GMCI	26-GMCI-001016		W.MAX SRL	RECICLA MAS 001-002 0000032 CARGA 9	26012IC04000391K	04/05/2026	IC05 CAUCHO CLORINDA / BS. AS. (CARGA 9)
26	GMCI	26-GMCI-001015		GARRO FABRIL SA	26/100372 SI_ GARRO FABRIL SA	26001TRM4003622R	28/04/2026	TRM4 T4 / VENADO TUERTO 1X40HC MRKU4800978
26	GMCI	26-GMCI-001014		LAUACU SRL	BWB EMBALAGENS LTDA. PI11.291	26042IC05013376V	29/05/2026	IMPO IC05 BRASIL / P. DE LOS LIBRES
26	GMCI	26-GMCI-001013	 	W.MAX SRL	RECICLA MÁS 001-002 0000030  CARGA 8	26012IC04000371X	27/04/2026	IC05 CAUCHO CLORINDA / BS. AS. (CARGA 8)
26	GMCI	26-GMCI-001012		LA BERNITA SRL	MOWREY AUCTION CO., INC. INV: 32630	26008IC04005839E	22/07/2026	IMPORTACION MARITIMA VIA ZARATE_TRACTOR JD 9370R
26	GMCI	26-GMCI-001011		ASOCIACION CASA EDITORA SUDAMERICAN	LEO PAPER USA	26001IC04126456T	29/06/2026	LEO PAPER USA
26	GMCI	26-GMCI-001010	 	CELULOSA CANNING SA	PI UY-408	26042IC05010319P	29/04/2026	PASO DE LOS LIBRES
26	GMCI	26-GMCI-001009	 	W.MAX SRL	RECICLA MAS 001-002 0000029 CARGA 7	26012IC04000354J	21/04/2026	IC05 CAUCHO CLORINDA / BS. AS. (CARGA 7)
26	GMCI	26-GMCI-001008		CYPRES SA	LATINBOOKS INTERNATIONAL PROFORMA 01-26	26001IC05007695A	20/04/2026	 
26	GMCI	26-GMCI-001005	 	W.MAX SRL	TAISHAN/ JOSTRON: A10	26001IC04076645A	20/04/2026	IMPORT MARIT CESPED CHINA 1X40H
26	GMCI	26-GMCI-001004		TERMOSOL SRL	JAUSER MOTORHOME ZÁRATE	26008IC04003334P	27/04/2026	IMPO MOTORHOME TZ CARS BUSINESS INV 23-078
26	GMCI	26-GMCI-001003		3BL SRL	PI835 AVENA SIN GLUTEN	26075IC04000360P	30/04/2026	AVENA SIN GLUTEN CHILE  Fecha de oficialización:30/04/2026// 26075IC04000360P COSMOS TRADING LLC Inv  835
26	GMCI	26-GMCI-001002		A Z EDITORA S.A.	LYFTEN LLC CHINA	26001IC04082963A	28/04/2026	 
26	GMCI	26-GMCI-001001		SOCIEDAD DE SAN PABLO	Plastvinil + Sociedad de San P	26073IC04037476X	13/04/2026	Aéreo Colombia Plastvinil  PT5214 + Sociedad de San Pablo Colombia 100210050518
26	GMCI	26-GMCI-000999		W.MAX SRL	RECICLA MAS 001-002 0000026 (CARGA 6)	26012IC04000324G	13/04/2026	IC05 CAUCHO CLORINDA / BS. AS. (CARGA 6)
26	GMCI	26-GMCI-000998		LA BERNITA SRL	RANDALL BROTHERS 30765 JD R4045	26008IC04003261Y	22/04/2026	 
26	GMCI	26-GMCI-000997		PROBELT S.R.L.	HABASIT CHILE E-006-26F	26001IC04074195V	15/04/2026	HABASIT CHILE E-006-26F
26	GMCI	26-GMCI-000996		EDITORIAL BETINA SRL	NGPN60272500	26001IC04095679X	18/05/2026	 
26	GMCI	26-GMCI-000995		EDITORIAL BETINA SRL	SZSM26020233	26001IC04088933D	07/05/2026	IMPO LIBROS 4901 + 4903 WONDERBOX WORKSHOP LTD INV 264 TRP
26	GMCI	26-GMCI-000993		3BL SRL	ALMENDRAS USA	26001IC04129929E	03/07/2026	ALMENDRAS USA
26	GMCI	26-GMCI-000992		3BL SRL	TERRANUTS INV 1169	26001IC05007213J	13/04/2026	CAMIÓN ICO5 CHILE / BS. AS. (SAF) ALMENDRAS
26	GMCI	26-GMCI-000991	 	W.MAX SRL	HEBEI AOHE/ JOSTRON: A11	26001IC04091553S	11/05/2026	IMPORT MARIT 2X20OT VIDRIO TEMPLADO
26	GMCI	26-GMCI-000990		GARRO FABRIL SA	26/100448 SI _ GARRO FABRIL SA	26001TRM4002931T	07/04/2026	TRM4 BUE (TRP)/ CELIMEX+CLIENTE/BUE(TRP) 1x40HC CSGU6900150
26	GMCI	26-GMCI-000987		PRIOTTI NANCY MARIA	RANDALL BROTHERS 30699 JD S690	26008IC04004228S	22/05/2026	 
26	GMCI	26-GMCI-000985		SOCIEDAD DE SAN PABLO	AÉREO ESPAÑA CAUCE LIBROS	26073IC04031542T	27/03/2026	 
26	GMCI	26-GMCI-000984	 	3BL SRL	001AR2-8021 // VITAKAI SA INV 26015001	26001IC05009596C	12/05/2026	IMPO AVELLANAS SIN CÁSCARA CAMIÓN IC04 DEFIBA
26	GMCI	26-GMCI-000983		PROBELT S.R.L.	P033-26 MODUTECH	26001IC04152323L	05/08/2026	P033-26 MODUTECH
26	GMCI	26-GMCI-000981		LUMINIAS SRL	ZIM BANGKOK	26001IC04065727W	07/04/2026	ZIM BANGKOK
26	GMCI	26-GMCI-000980		SOCIEDAD DE SAN PABLO	PAPEL RESOLUTE	26001IC04078766G	21/04/2026	PAPEL RESOLUTE
26	GMCI	26-GMCI-000979		EDITORIAL BETINA SRL	INVOICE 2026-2217	26001IC04066141N	07/04/2026	INVOICE 2026-2217
26	GMCI	26-GMCI-000976		AGROFIERRO S.A	DAGGER MACHINERY_INV: 6849	26008IC04002243N	18/03/2026	IMPORT MAR TZ_PULVERIZADORA JD R4045
26	GMCI	26-GMCI-000975		RUILARSA SRL	UPCOM TELEK INV. AP02026000000007	26073IC04025491C	11/03/2026	IMPORT MAQ. SOPLADORA DE FIBRA OPTICA_ AEREA VIA FEDEX PREPAID
26	GMCI	26-GMCI-000974		DURANTEX SA	es260201dt3	26001IC04051821M	17/03/2026	es260201dt3
26	GMCI	26-GMCI-000973		PROBELT S.R.L.	HABASIT CHILE	26001IC04044564S	05/03/2026	HABASIT CHILE
26	GMCI	26-GMCI-000972		ANDRESITO SA	SLOAN IMPLEMENT INV: 260219	26008IC04004322N	27/05/2026	IMPORTACION MARITIMA VIA ZARATE_TRACTOR JD 8360RT
26	GMCI	26-GMCI-000971		CROMIC SRL	25/101216 SI_CROMIC SRL	26001TRM4002058T	09/03/2026	TRM4 EXO/BINDER1 2X40H
26	GMCI	26-GMCI-000970		W.MAX SRL	RECICLA MAS 001-002 0000020	26012IC04000197Y	06/03/2026	IMPORT FTL#5 CAUCHO ADUANA DE CLORINDA
26	GMCI	26-GMCI-000967		W.MAX SRL	RECICLA MAS 001-002 0000014	26012IC04000176L	27/02/2026	IMPORT FTL#4 CAUCHO ADUANA DE CLORINDA
26	GMCI	26-GMCI-000966		INDUSTRIAS MAR SAS	26/00360 SI_INDUSTRIAS MAR SA	26001TRM4001809W	27/02/2026	TRM4 2X40HC EXOLGAN/CACEC/CLIENTE
26	GMCI	26-GMCI-000965		CRUX MARINE SAS 	SRT MARINE INV: SIN109515	26001IC04039340Y	26/02/2026	IMPO AIS COAST STATION (DHL PREPAID)
26	GMCI	26-GMCI-000964		GM CARGO SRL	IPARAGUAY LOG SVCS INV: 001-003-0000015	26073IC04033210N	31/03/2026	IMPO KITS DE ARBITRAJE CONMEBOL
26	GMCI	26-GMCI-000963		PRIOTTI NANCY MARIA	RANDALL BROTHERS 20010-30963 JD S690	26026IC05000775W	01/04/2026	IMPO COSECHADORA IC05 GUALEGUAYCHÚ / CÓRDOBA
26	GMCI	26-GMCI-000962		CYPRES SA	LATINBOOKS INV 01-26	26001IC05005010C	16/03/2026	Camióm completo LatinBooks International SA inv. 2605. Oficialización 16/03/2026. 2681 Bultos 23.097,29 Kgs.
26	GMCI	26-GMCI-000961		MICROENVASES SA	AGI _IMP_ MICRO ENVASES SA	26001TRM4001523P	20/02/2026	TRAM 1x20 MRKU7525083 T4-TERM PATAGONIA NORTE-BAHIA BLANCA
26	GMCI	26-GMCI-000960		BRONWAY TECHNOLOGY S.A.	25/101112_BRONWAY TECHNOLOGY SA	26001TRM4001290Z	11/02/2026	TRM4 T4/BINDER 2-ROSARIO 1X20 SUDU7405397 ***IMO***
26	GMCI	26-GMCI-000959		PROBELT S.R.L.	P145-25 TONOGA	26001IC04042570N	03/03/2026	P145-25 TONOGA
26	GMCI	26-GMCI-000958		CELULOSA CANNING SA	SHANGHAI CHENGQI PACKING	26001IC04029734U	11/02/2026	IMPORT MAR CHINA 1X40HC WRAPPING+SHRINK+CONVEYOR MACHINES_ INV CQ25051402
26	GMCI	26-GMCI-000957		CELULOSA CANNING SA	FFA MÁQUINAS INV 001/2025	26029IC05000413Y	11/03/2026	IMPORT TERRESTRE FTL DE BRASIL_EMPAQUETADORA
26	GMCI	26-GMCI-000956		BOCCOLI ROBERTO JUAN	JORGE PEREZ INV. A105	26026IC03000123H	27/02/2026	IMPORT TERRESTRE GUALEGUAYCHU 2 CAMIONES_COSECHADORA + CABEZAL
26	GMCI	26-GMCI-000955		CELULOSA CANNING SA	IMB ET-916 pi 568 CARGA 6	26042IC05003132K	11/02/2026	IMPORT TERRESTRE FTL PDLLIBRES
26	GMCI	26-GMCI-000954		VACHETTA LUIS MARÍA	COSECHADORA JD SLOAN IMPLEMENT INV 260129	26008IC04003540Y	30/04/2026	 
26	GMCI	26-GMCI-000953	 	GARRO FABRIL SA	25/100824_GARRO FABRIL SA	26001TRM4001234Y	10/02/2026	TRM4 T4/ CELIMEX-VENADO TUERTO 1X40ST MRKU0581212
26	GMCI	26-GMCI-000952	 	GARRO FABRIL SA	25/101150_GARRO FABRIL SA	26001TRM4001050K	04/02/2026	TRM4 T4/CELIMEX-VENADO TUERTO 2X20 MSKU7101220 TEMU2278887
26	GMCI	26-GMCI-000951		W.MAX SRL	RECICLA MAS 001-002 0000012	26012IC04000142E	18/02/2026	IMPORT FTL#3 CAUCHO ADUANA DE CLORINDA
26	GMCI	26-GMCI-000950		CRUX MARINE SAS 	AQUAREAD CRUX UY INV A118	26001IC04031562M	13/02/2026	IMPORT DHL MATADEROS
26	GMCI	26-GMCI-000948		ASOCIACION CASA EDITORA SUDAMERICAN	SAPPI TRADING INV 125765658 / 125765659 3X20ST	26001IC04036362P	24/02/2026	 
26	GMCI	26-GMCI-000947		CELULOSA CANNING SA	HENAN MAYJOY MECH INV: MJDR20250531/ 20250550	26001IC04036182P	24/02/2026	IMPORT MARIT CHINA 1X20+1X40H MSC_REBOBINADORA + CORTADORAS
26	GMCI	26-GMCI-000946		CRUX MARINE SAS 	CADENAS_CRUX UY A119	26001IC04034474R	20/02/2026	IMPORT FCL CHINA 1X20 FCIU5004837 27.47TONS
26	GMCI	26-GMCI-000945		CHIEZHO EDIZIONE S.R.L.	LIBROS SONIDOS MOON INV 242	26001IC04059167A	27/03/2026	Carga consolidada . Canal Rojo. Depòsito Fiscal Mruchison. Fecha de oficializaciòn 27/03/2026 26 001 IC04 059167 A.
26	GMCI	26-GMCI-000944		MARIOTTI DOMINGO FRANCISCO	SLOAN IMPLEMENT INV 251020	26008IC04001651P	26/02/2026	IMPORT MARITIMA ZARATE_CABEZAL JD RD45F
26	GMCI	26-GMCI-000943		3BL SRL	AVELLANAS VITAKAI S.A. INV 26001001	26001IC05004167Y	04/03/2026	Carga Chile Avellanas.// 4Bultos 2680kg. Vitakai Inv 26001001 Operaciòn 22 26 001 IC05 004167 Y 
26	GMCI	26-GMCI-000942		RUILARSA SRL	NEWINDU INT. LTD INV NI2025F0215W	26001IC04054794B	20/03/2026	IMPORT. MARIT. 1X40H XC760K SKID STEER LOADER
26	GMCI	26-GMCI-000941		3BL SRL	ALMENDRAS GREEN NUTS SNACKS LLP INV GB1450	26038IC04001684B	06/02/2026	 
26	GMCI	26-GMCI-000940		PLAYGAME SRL	25/100954_PLAY GAME SRL	26001TRM4000825T	27/01/2026	TRM T4/BINDER/CLIENTE-ROS 2X40H
26	GMCI	26-GMCI-000939		W.MAX SRL	RECICLA MAS 001-002 0000009	26012IC04000080F	28/01/2026	IMPORT FTL#2 CAUCHO ADUANA DE CLORINDA
26	GMCI	26-GMCI-000938		3BL SRL	COCO RALLADO ATLÁNTICA INV	26001IC04106776W	02/06/2026	COMPANIA ATLANTICA DE COMERCIO INTERNACIONAL AMERI Inv. 00405. Op.24. COCO RALLADO. 1x40HQ.
26	GMCI	26-GMCI-000937		MISIONEROS CLARETIANOS O HIJOS DEL 	SHENZEN JINHAO	26001IC04065443R	07/04/2026	1x20 Embarque marítimo_INV JHP20250908 inv 610-26010004
26	GMCI	26-GMCI-000936		PROBELT S.R.L.	P119-25 HOLO	26001IC04026777B	09/02/2026	P119-25 HOLO
26	GMCI	26-GMCI-000935		AFG INGENIERIA S.R.L.	25/101169_AFG INGENIERIA SRL	26001TRM4000936W	02/02/2026	TRM4 T4/BIN1+CLIENTE, ROS/ BUE 1X40H MRSU3229070
26	GMCI	26-GMCI-000934		CIBART S.R.L.	262250077_CIBART SRL	26001TRM4000811Y	27/01/2026	TRM T4/ ZOFRACOR 1X20 MRSU0134618
26	GMCI	26-GMCI-000932		VIOTTO SERGIO CARLOS	MILLER SELLNER_INV: 465091	26008IC04002136Y	12/03/2026	IMPORT MARITIMA ZARATE_CABEZAL CASE IH 3162
26	GMCI	26-GMCI-000931		HERNANDEZ CARLOS RAFAEL Y HERNANDEZ	MH TELAS	26001IC04033988D	19/02/2026	MH TELAS
26	GMCI	26-GMCI-000930		GARRO FABRIL SA	25/100802_GARRO FABRIL SA	26001TRM4000589D	21/01/2026	TRM4 1X40 MRKU1061350 T4/CELIMEX-VENADO TUERTO
26	GMCI	26-GMCI-000929		SOCIEDAD DE SAN PABLO	INCIENSO	26001IC04102123E	27/05/2026	 
26	GMCI	26-GMCI-000928		3BL SRL	IMPO ALMENDRAS COMPAÑÍA ATLÁNTICA INV 00398	26038IC04001795E	09/02/2026	 
26	GMCI	26-GMCI-000927		CYPRES SA	LATINBOOKS INV 2600	26001IC05001918P	02/02/2026	IMPORT FTL ZFCOLONIA
26	GMCI	26-GMCI-000926		3BL SRL	IMPO AVENA COSMOS TRADING LLC	26075IC04000060M	19/01/2026	IMPORT TERRESTRE FTL DEP FISCAL NEUQUEN
26	GMCI	26-GMCI-000925		W.MAX SRL	RECICLA MAS 001-002 0000007	26046IC05000016M	20/01/2026	IMPORT FTL#1 CAUCHO ADUANA DE POSADAS
26	GMCI	26-GMCI-000924		STARPLASTIC S.A.	25/03371	26001TRM4001162Y	09/02/2026	25/03371
26	GMCI	26-GMCI-000923		COTAGRO COOPERATIVA AGROPECUARIA LI	25/03352_COTAGRO COOP.	26001TRM4000362P	13/01/2026	TRM4 TRP/P.L.GRAL. DEHEZA 1X40H SEGU6294350
26	GMCI	26-GMCI-000922		PROBELT S.R.L.	p135-25 2200002140	26001IC04011815L	19/01/2026	p135-25 2200002140
26	GMCI	26-GMCI-000921		CELULOSA CANNING SA	IMB PAPELES_ET-879 PI568 CARGA 5	26042IC05000950P	16/01/2026	IMPO TERRESTRE FTL
26	GMCI	26-GMCI-000920		AGROFIERRO S.A	NORTHERN PLAINS INV: 82730	26008IC04001649W	26/02/2026	IMPORT MARIT ZARATE. CABEZAL NEW HOLLAND 880CF
26	GMCI	26-GMCI-000919		PROBELT S.R.L.	TRM SILIKOMART	26001TRM4000250L	08/01/2026	TRM SILIKOMART
26	GMCI	26-GMCI-000918		INDUSTRIAS MAR SAS	25/03344 SI_INDUSTRIAS MAR SAS	26001TRM4000292R	09/01/2026	TRM4 EXOLGAN/ CORDOBA 2X40HC
26	GMCI	26-GMCI-000917		PROBELT S.R.L.	P135-25	26001IC04011824L	19/01/2026	HABASIT
25	GMCI	25-GMCI-000917		EDICIONES LEA S.A.		26001IC04060573Z	30/03/2026	Carga Consolidada. Canal Verde. Depòsito fiscal Gemez  Fecha de olficializaciòn 30/03/2026
25	GMCI	25-GMCI-000914	 	PROBELT S.R.L.	P117-25	25001TRM4012909B	30/12/2025	..P117-25
25	GMCI	25-GMCI-000912		AGROFIERRO S.A	DAGGER MACHINERY INV: 6847	26008IC04002105K	11/03/2026	IMPORT MAR COSECHADORA NEW HOLLAND CR8.90
25	GMCI	25-GMCI-000911		DPM SA	DPM SA _ INV: FP-RJC-PAB-ARG-004	25001TRM4012750S	26/12/2025	TRM4 TRP/ BAHIA BLANCA 1X20 CMAU3060060
25	GMCI	25-GMCI-000910	 	AFG INGENIERIA S.R.L.	25/01016_AFG INGENIERIA	25073TRM4004212V	22/12/2025	TRM4 EZEIZA/ BINDER1 1PKG 126KGS
25	GMCI	25-GMCI-000909		STARPLASTIC S.A.	25/03179 SI _ STARPLASTIC	25001TRM4012601N	22/12/2025	TRM4 EXOLGAN/ CORDOBA
25	GMCI	25-GMCI-000907		BIG STARS SRL	25/03010_BIG STARS SRL	25001TRM4012550Z	19/12/2025	TRM4 T4/ZFVCONSTITUCION+CARCARAÑA
25	GMCI	25-GMCI-000906		GM CARGO SRL	WEILER SRL_INV: 99083084	26008TRM4000015R	07/01/2026	CL: FCL.PY_TRANSITO INTERNACIONAL ZARATE/ ASUNCION_LANCHA+TRAILER EN CARRETON
25	GMCI	25-GMCI-000905		Helvetica SA	25/100703_HELVETICA SA	26001TRM4000070L	05/01/2026	TRM4 T4/BINDER1 2X40HC
25	GMCI	25-GMCI-000904		STARPLASTIC S.A.	PCC 25/03067_STARPLASTIC SA	26001TRM4000238R	07/01/2026	TRM4 EXOLGAN/CACEC/CLIENTE 1X40H CIPU5099676
25	GMCI	25-GMCI-000903		PROBELT S.R.L.	HABASIT ITALIANA 2200001889	25001IC06012484P	18/12/2025	 
25	GMCI	25-GMCI-000901		MARIOTTI DOMINGO FRANCISCO	SLOAN IMPLEMENTS INV: 251020	25008IC04009848H	26/12/2025	IMPORT MARITIMA ZARATE_COSECHADORA JD S780
25	GMCI	25-GMCI-000900		CELULOSA CANNING SA	IMB PAPELES SA ET-855	25042IC05032312L	23/12/2025	FTL IMPORT PDLLIBRES
25	GMCI	25-GMCI-000898		AFG INGENIERIA S.R.L.	25/400094 AFG INGENIERIA SRL	25073TRM4004165F	16/12/2025	TRM4 EZEIZA/BINDER1/CLIENTE 1PKG, 1760.90KGS
25	GMCI	25-GMCI-000897		GARRO FABRIL SA	25/100562_ GARRO FABRIL	25001TRM4012462S	18/12/2025	TRM 1X40ST T4/VTUERTO
25	GMCI	25-GMCI-000896		PRIOTTI NANCY MARIA	KC NELSEN LTD_INV: 459426+459427	26008IC04002111H	11/03/2026	IMPORT MARITIMA ZARATE_2 CABEZALES JD 645FD + 640FD
25	GMCI	25-GMCI-000895		PROBELT S.R.L.	HABASIT ITALIANA 2200001889	25001IDA4008576P	15/12/2025	 
25	GMCI	25-GMCI-000893		BIG STARS SRL	25/02918 SI_BIG STARS SRL	25001TRM4012344R	15/12/2025	TRM4 T4/BINDER 2X40H
25	GMCI	25-GMCI-000892		BIG STARS SRL	25/02917 SI_BIG STARS SRL	25001TRM4012338U	15/12/2025	TRM4 T4/ZFVCONSTITUCION + 1 CON ENTREGA EN CARCARAÑA
25	GMCI	25-GMCI-000891		W.MAX SRL	JOSTRON INV.A9	26001IC04025888D	06/02/2026	IMPORT 1X40H CHINA PADEL COURT + GRASS
25	GMCI	25-GMCI-000890		3BL SRL	25090	26001IC04069303Z	09/04/2026	Importación Dátiles c/ carozo_Mersín  Operación 20.
25	GMCI	25-GMCI-000889		CULTURAL LIBRERA AMERICANA S.A.	325042540-2	26001IC04032970Z	18/02/2026	 
25	GMCI	25-GMCI-000888		MISIONEROS CLARETIANOS O HIJOS DEL 	PBF-102125	26001IC04056267V	25/03/2026	Contenedoro completo Biblias Nanjing Amity Printing Co., Ltd. Canal Rojo, Terminal Exolgan.
25	GMCI	25-GMCI-000886		BIG STARS SRL	25/02919 SI BIG STAR	25001TRM4012066S	05/12/2025	1X40HC T4/BINDER1 CON VERIF EXHAUSTIVA ADUANA BSAS
25	GMCI	25-GMCI-000885		3BL SRL	COSMOS TRADING LLC (VIETNAM)	26001IC04045755V	09/03/2026	Contenedor completo Castañas de Cajù.  Cosmos Trading LLC.  Inv. 790. Operaciòn 18. Vietnam.
25	GMCI	25-GMCI-000884		LAUACU SRL	BWB EMBALAGENS LTDA	26029IC05000152Y	29/01/2026	 
25	GMCI	25-GMCI-000883		AFG INGENIERIA S.R.L.	25/00916 AFG INGENIERIA SRL	25073TRM4004107B	09/12/2025	TRM4 EZEIZA/BINDER1/CLIENTE-ROS 2PKG, 2140KGS
25	GMCI	25-GMCI-000882		PRIOTTI NANCY MARIA	RANDAL BROS INV: 20010-30962	26026IC05000477V	25/02/2026	IMPORT FTL GUALEGUAYCHU COSECHADORA JD S670
25	GMCI	25-GMCI-000881		STAAL SAS	25/02912	26001TRM4000345Z	12/01/2026	25/02912
25	GMCI	25-GMCI-000880		3BL SRL	PROFORMABL1-2025	25001IC05029459B	09/12/2025	Camión completo Almendras sin cáscara Chile
25	GMCI	25-GMCI-000879		W.MAX SRL	JOSTRON INV.A8	25001IC04273189B	22/12/2025	IMPORT MARIT 1X40H CESPED
25	GMCI	25-GMCI-000877		BIG STARS SRL	25/02900 BIG STARS SRL	25001TRM4011854W	01/12/2025	2X40HC T4/ BINDER 1
25	GMCI	25-GMCI-000876		STARPLASTIC S.A.	25/03066_STARPLASTIC	25001TRM4012593A	22/12/2025	TRM4 EXOLGAN/ CORDOBA
25	GMCI	25-GMCI-000875		BIG STARS SRL	25/02899 SI BIG STARS SRL	25001TRM4011849D	01/12/2025	1X40HC T4/BINDER+CARCARAÑA
25	GMCI	25-GMCI-000874		VERDE OSCURO SRL	MUEBLES	25001IC04271430L	18/12/2025	MUEBLES  TRASLADA A GEMEZ 2
25	GMCI	25-GMCI-000872		CELULOSA CANNING SA	IMB ET-813 pi568 CARGA 3	25042IC05030166Z	01/12/2025	 
25	GMCI	25-GMCI-000871		CRUX MARINE SAS 	SRT MARINE_CRUX UY INV: A116	25001IC04256648C	01/12/2025	IMPORT AEREA DHL PREPAID
25	GMCI	25-GMCI-000868		CULTURAL LIBRERA AMERICANA S.A.	Arquetipo Grupo Editorial SA 4006	25001IC05028998X	03/12/2025	Camiòn exclusivo  Zona Fanca Colonia. Canal Naranja.
25	GMCI	25-GMCI-000867		A Z EDITORA S.A.	LYF-NCP 325062077-2	25001IC04275805V	26/12/2025	PI568
25	GMCI	25-GMCI-000866		CRUX MARINE SAS 	BANTEN_CRUX UY INV: A117	25001IC04263747A	10/12/2025	IMPORT AEREA DHL MATADEROS, FLETE COLLECT
25	GMCI	25-GMCI-000865		CELULOSA CANNING SA	ET-804 pi568 CARGA 2	25042IC05029965X	27/11/2025	 
25	GMCI	25-GMCI-000864		A Z EDITORA S.A.	LYFTEN LLC LYF-NCP-325062077-1	25001IC04277790D	29/12/2025	1X40 HQ
25	GMCI	25-GMCI-000863		STARPLASTIC S.A.	25/02943_STARPLASTIC SA	25001TRM4011442P	18/11/2025	TRM4 1X40ST EXO/CORDOBA
25	GMCI	25-GMCI-000861		CERAMICOS PELLEGRINI	25/02635 SI_CERAMICOS PELLEGRINI SRL	25001TRM4011571S	20/11/2025	TRM4 1X20 T4/ZPA PARANA
25	GMCI	25-GMCI-000860	 	ALOE SALVADOR CRISTIAN	25/02280 _ ALOE SALVADOR C	25001TRM4011355S	17/11/2025	TRM4 1X40HC T4/TRANSTOTAL, PEREZ-ROSARIO
25	GMCI	25-GMCI-000859	 	GARNI SAS	25/01981 SI1_GARNI SA	25001TRM4011409S	17/11/2025	TRM4 1X20 T4/ CORDOBA
25	GMCI	25-GMCI-000858		PLYRAP SA	25/02892 SI_PLYRAP SA	25001TRM4011262P	13/11/2025	1X20 TRM4 BUE/VTUERTO/BUE
25	GMCI	25-GMCI-000857	 	GARRO FABRIL SA	25/02819_GARRO FRABRIL SA	25001TRM4011363R	17/11/2025	TRM4 1X20 T4/CELIMEX, VENADO TUERTO
25	GMCI	25-GMCI-000856		INDUSTRIAS MAR SAS	25/02961 SI_INDUSTRIAS MAR	25001TRM4011326Z	14/11/2025	TRM4 1X40HC EXO/CORDOBA
25	GMCI	25-GMCI-000855		BIG STARS SRL	25/02733 SI_BIG STARS SRL	25001TRM4011233N	12/11/2025	2X40HC TRM4 BUE/ZFVCONSTITUCION/BUE
25	GMCI	25-GMCI-000853		3BL SRL	GFT GIDA LIMITED SIRKETI / GREEN NUTS SNACKS  GN1353	26001IC04070369U	10/04/2026	GFT GIDA LIMITED SIRKETI / GREEN NUTS SNACKS  GN1353
25	GMCI	25-GMCI-000852		ASOCIACION CASA EDITORA SUDAMERICAN	125577987//12557988	25001IC04254231L	27/11/2025	125577987//12557988 SAPPI 2X20ST// Papel.
25	GMCI	25-GMCI-000851		CORMORAN SA	PCR 25/00655_CORMORAN SA	25001TRM4011164Z	11/11/2025	1X40H 1X40H TRM4 BUE/RAFAELA/BUE
25	GMCI	25-GMCI-000850		PROBELT S.R.L.	HABASIT CHILE	25001IC04234765V	04/11/2025	HABASIT CHILE
25	GMCI	25-GMCI-000849		CRUX MARINE SAS 	A115 _ PALMARY	25073IC04130710P	13/11/2025	IMPORT AEREA VIA FEDEX/ EZEIZA
25	GMCI	25-GMCI-000848		ELVERDIN DANIEL HORACIO	SLOAN_COSECHADORA	25008IC04009418A	05/12/2025	 
25	GMCI	25-GMCI-000847	 	INDUSTRIAS MAR SAS	25/02765 SI_INDUSTRIAS MAR SAC	25001TRM4010601L	27/10/2025	TRM4 EXO/CORD 1X40HC MSMU8370559 TURNO 27/10 21HS
25	GMCI	25-GMCI-000844		LLAVANERES SRL	LUTEPEL INC. INV. LUT-4168/25	25042IC05027304Z	28/10/2025	IMPORT FTL PASO DE LOS LIBRES
25	GMCI	25-GMCI-000841		ASOCIACION CASA EDITORA SUDAMERICAN	16018/2025	25001IC82000635Y	29/10/2025	 
25	GMCI	25-GMCI-000840		CRUX MARINE SAS 	MEDCHEMEXPRESS INV. M2559556	25001IC04221579U	20/10/2025	IMPORT AER 1200miligrms BMAA (AMINOACIDO) Beta-N-methylamino-L-alanine hydrochloride
25	GMCI	25-GMCI-000839		CYPRES SA	LATINBOOKS INTERNATIONAL GROUP S.A.	26001IC04017082N	23/01/2026	 
25	GMCI	25-GMCI-000838		EDITORIAL ARTEMISA S.A.	CI 272800	25001IC04241378T	11/11/2025	 
25	GMCI	25-GMCI-000837		INDUSTRIAS MAR SAS	25/02606 SI _ INDUSTRIAS MAR	25001TRM4010238R	17/10/2025	2X40HC TRM4 BUE/COR
25	GMCI	25-GMCI-000836		PROBELT S.R.L.	HABASIT	25001IC04220160F	16/10/2025	HABASIT
25	GMCI	25-GMCI-000834		LLAVANERES SRL	PEREZ TRADING INV: 134042	25029IC05002505R	10/11/2025	IMPORT FTL IGUAZU
25	GMCI	25-GMCI-000833	 	CUATRO ASES SA	25/02747 SI _ CUATRO ASES SA	25001TRM4010155P	15/10/2025	TXGU5264431 IMO 1X40HC_TRM4 BUE-T4/DFCOR/ADCHIPION +1DIA/ARBUE_CARGA SABADO 18/10
25	GMCI	25-GMCI-000832		LLAVANERES SRL	PEREZ TRADING INV: 134045	25029IC05002504Z	10/11/2025	IMPORT FTL IGUAZU
25	GMCI	25-GMCI-000830		LLAVANERES SRL	PEREZ TRADING CO. INV. 133746	25029IC05002248V	20/10/2025	Camion completo Aduana IGUAZU 21 package
25	GMCI	25-GMCI-000829		CYPRES SA	LATINBOOKS INTERNATIONAL GROUP	25001IC04254005K	27/11/2025	Embarque marítimo
25	GMCI	25-GMCI-000827		LLAVANERES SRL	PEREZ TRADING CO. INV. 133611	25029IC05002313Y	24/10/2025	Camión completo 13 package Aduana: IGUAZU
25	GMCI	25-GMCI-000826		CELULOSA CANNING SA	IMB PAPELES INV: ET-713	25042IC05025818B	09/10/2025	IMPORT TERRESTRE FTL PASO DE LOS LIBRES
25	GMCI	25-GMCI-000825		CELULOSA CANNING SA	PEREZ TRADING CO. INV. 133769	25029IC05002236S	17/10/2025	IMPORT TERRESTRE FTL IGUAZU
25	GMCI	25-GMCI-000824		CELULOSA CANNING SA	PEREZ TRADING INV: 133768	25029IC05002331Y	27/10/2025	IMPO FTL IGUAZU
25	GMCI	25-GMCI-000823		CELULOSA CANNING SA	PEREZ TRADING INV: 133767	25029IC05002330N	27/10/2025	IMPO FTL IGUAZU
25	GMCI	25-GMCI-000822		CELULOSA CANNING SA	PEREZ TRADKING INV: 133766	25029IC05002348W	28/10/2025	IMPO FTL IGUAZU
25	GMCI	25-GMCI-000821	 	ASOCIACION CASA EDITORA SUDAMERICAN	SAPPI PAPIER 125555722/5723	25001IC04245238S	17/11/2025	IMPORT MARIT 2X20 PAPEL
25	GMCI	25-GMCI-000819		CELULOSA CANNING SA	PEREZ TRADING CO. INV. 133765	25029IC05002299E	23/10/2025	IMPORT TERRESTRE FTL IGUAZU
25	GMCI	25-GMCI-000817		CELULOSA CANNING SA	133764	25029IC05002634U	27/11/2025	 
25	GMCI	25-GMCI-000816		CELULOSA CANNING SA	PEREZ TRADING INV: 133763	25029IC05002549C	14/11/2025	IMPO FTL IGUAZU
25	GMCI	25-GMCI-000815		CELULOSA CANNING SA	PEREZ TRADING INV: 133762	25029IC05002473V	07/11/2025	IMPO FTL PUERTO IGUAZU
25	GMCI	25-GMCI-000814		CELULOSA CANNING SA	PEREZ TRADKING INV: 133761	25029IC05002471T	07/11/2025	IMPO FTL IGUAZU
25	GMCI	25-GMCI-000813		CELULOSA CANNING SA	PEREZ TRADING INV: 133760	25029IC05002414Z	03/11/2025	IMPO FTL IGUAZU
25	GMCI	25-GMCI-000812		EFEPE S.A.	VALO V-250904	25001IC04213241H	08/10/2025	IMPORT AEREA (DHL) AWB 97 4044 1421
25	GMCI	25-GMCI-000811		BRIKET S A	25/02729 SI _ BRIKET	25001TRM4009546E	01/10/2025	TRM4 T4/ BINDER 1, 1X20 MRSU0163555
25	GMCI	25-GMCI-000810		CULTURAL LIBRERA AMERICANA S.A.	Arquetipo Grupo Editorial 4002	25001IC05023180J	29/09/2025	Camión completo  Zona Franca Colonia
25	GMCI	25-GMCI-000808		CEDIMET SRL	25/02190 SI - CEDIMET	25001TRM4009455D	29/09/2025	3X40HC TRM4 TRP/BINDER1+CLIENTE
25	GMCI	25-GMCI-000807		CELULOSA CANNING SA	IMB ET-689 PARAGUAY	25012IC04000761K	26/09/2025	IMPORT TERR IC04 DEFIBA CLORINDA
25	GMCI	25-GMCI-000806	 	CELULOSA CANNING SA	PEREZ TRADING CO. INV. 133205	25029IC05002266V	22/10/2025	IMPORT TERRESTRE FTL IGUAZU
25	GMCI	25-GMCI-000805		CELULOSA CANNING SA	ET-675	25042IC05023875C	22/09/2025	IMPORT TERR CAMION COMPLETO PDLLIBRES PAPEL
25	GMCI	25-GMCI-000804		CELULOSA CANNING SA	PEREZ TRADKING INV: 90812652	25029IC05002378C	30/10/2025	IMPO FTL IGUAZU
25	GMCI	25-GMCI-000803		CELULOSA CANNING SA	PEREZ TRADING INV: 90812677	25029IC05002437V	05/11/2025	IMPO FTL IGUAZU
25	GMCI	25-GMCI-000802	 	CELULOSA CANNING SA	PEREZ TRADING INV: 90810282	25029IC05002375W	30/10/2025	IMPO FTL IGUAZU
25	GMCI	25-GMCI-000801	 	CELULOSA CANNING SA	PEREZ TRADING INV: 90810557	25029IC05002546W	14/11/2025	IMPO FTL IGUAZU
25	GMCI	25-GMCI-000800	 	CELULOSA CANNING SA	PEREZ TRADING CO. INV. 133226	25029IC05002304Y	23/10/2025	IMPORT TERRESTRE FTL IGUAZU
25	GMCI	25-GMCI-000799	 	LLAVANERES SRL	IMB PAPELES SA INV: ET-683	25042IC05024147S	24/09/2025	IMPORT FTL PDLLIBRES
25	GMCI	25-GMCI-000798		ENRICI DARIO OMAR	TOREMOR SA INV. A000402	25026IC05002402K	21/10/2025	IMPORT TERR DDE URUGUAY EQUIPOS CLAAS (TRACTOR + SEGADORAS)
25	GMCI	25-GMCI-000797		CEDIMET SRL	25/02189 _ CEDIMET SRL	25001TRM4009189H	22/09/2025	TRM ISTA T4/BINDER1+ENTREGA CLIENTE 1X40HC JXLU6344678
25	GMCI	25-GMCI-000796		LETRA IMPRESA SRL	JH-LI20250811	25001IC04249163T	20/11/2025	 
25	GMCI	25-GMCI-000795		SOCIEDAD DE SAN PABLO	ZT2506005	25001IC04242224K	12/11/2025	 
25	GMCI	25-GMCI-000794		SOIME SRL	2501884 SI - SOIME SRL	25001TRM4009103Z	18/09/2025	TRM4 T4/BINDER1/CLIENTE/DEFIBE_2X40HC SUDU6871261 MSKU1003951
25	GMCI	25-GMCI-000793	 	PROBELT S.R.L.	SILIKOMART FEDEX	25073IC04104177A	16/09/2025	SILIKOMART FEDEX
25	GMCI	25-GMCI-000792		CELULOSA CANNING SA	IMB PAELES INV. ET-677	25042IC05023909A	22/09/2025	IMPORT TERR CAMION COMPLETO PDLLIBRES PAPEL
25	GMCI	25-GMCI-000791		SOIME SRL	25/02192 SI _ SOIME	25001TRM4009185D	22/09/2025	TRM ISTA CONTENEDOR COMPARTIDO T4/BINDER1+ENTREGA CLIENTE 1X40HC BEAU5036214
25	GMCI	25-GMCI-000790		CEDIMET SRL	2501884 SI - CEDIMET SRL	25001TRM4009100N	18/09/2025	TRM4 T4/BINDER1/CLIENTE/DEFIBE_1X40HC MRKU4253905
25	GMCI	25-GMCI-000789		CEDIMET SRL	25/02192 SI _ CEDIMET	25001TRM4009181W	22/09/2025	TRM ISTA CONTENEDOR COMPARTIDO T4/BINDER1+ENTREGA CLIENTE 1X40HC BEAU5036214
25	GMCI	25-GMCI-000788		CRUX MARINE SAS 	CRUX UY INV.A113	25001IC04204601H	30/09/2025	IMPORT AER PANELES SOLARES (DONGGUAN WSL SOLAR CO. LTD.-CHINA)
25	GMCI	25-GMCI-000787		PROBELT S.R.L.	99003-098	25001IC04199546F	24/09/2025	99003-098
25	GMCI	25-GMCI-000786	 	GM CARGO SRL	IRIMAQ SA RETROEXCAVADORA	25001TRM4009540V	01/10/2025	DESCONSOLIDADO 1X40FR UAEU9605830 + TRM4 CARRETON SAF/PARAGUAY
25	GMCI	25-GMCI-000785		RUILARSA SRL		25001IC04238009Z	07/11/2025	 
25	GMCI	25-GMCI-000784		W.MAX SRL	JOSTRON INV: A5	25001IC04238527V	07/11/2025	IMPORT MARIT 2X40HC XPE SHOCK PAD
25	GMCI	25-GMCI-000783		TECNORED ENERGIA SA	OP 3689 _ TECNORED ENERGIA SA	25001TRM4010201H	16/10/2025	TRM4 BUE/CACEC-CORD/VENADO TUERTO/BUE 1X40HC+1X40FR
25	GMCI	25-GMCI-000782		CHIEZHO EDIZIONE S.R.L.	002	25001IC04205507N	01/10/2025	 
25	GMCI	25-GMCI-000781		PROEME	263	25001IC04210209X	07/10/2025	 
25	GMCI	25-GMCI-000780		CRUX MARINE SAS 	MEDCHEMEXPRESS INV. M2558044	25001IC04183435S	04/09/2025	IMPORT AER 300miligrms BMAA (AMINOACIDO) Beta-N-methylamino-L-alanine hydrochloride
25	GMCI	25-GMCI-000779	 	SOCIEDAD DE SAN PABLO	RESOLUTE FP US INC 10378634	25001IC04231548R	30/10/2025	 
25	GMCI	25-GMCI-000778		CELULOSA CANNING SA	PI 490 IMB PAPELES ET-641	25042IC05022819W	10/09/2025	IMPORT FTL PDLLIBRES
25	GMCI	25-GMCI-000777		TIRAGRO DEL SUR S.A.	RANDALL BROTHERS INV: 28388-24910-29633-25320	25008IC04008809D	14/11/2025	IMPORTACION ZARATE COSECHADORA + CABEZAL, MERCAD. USADA
25	GMCI	25-GMCI-000776	 	ELVERDIN DANIEL HORACIO	SLOAN IMPLEMENT INV: 250712	25008IC04008807B	14/11/2025	IMPORTACION ZARATE DRAPER JD 640FD
25	GMCI	25-GMCI-000775	 	ANGELINI HECTOR VIRGINIO	MOWREY AUCTION CO. INV: 29950	25008IC04008806A	14/11/2025	IMPORT ZARATE COSECHADORA + DRAPER (USADOS)
25	GMCI	25-GMCI-000774	 	CYPRES SA	Latinbooks International SA 2573	25001IC05023207J	29/09/2025	Camión completo  Zona Franca Colonia
25	GMCI	25-GMCI-000773	 	MERKAT AGRI S.A.S	25/01707 MERKAT AGRI SAS	25001TRM4008471A	04/09/2025	TRM TRP/ZFCORDOBA
25	GMCI	25-GMCI-000772		CELULOSA CANNING SA	IMB ET-629 pi488 ANIN2194 PDLL	25042IC05022275S	04/09/2025	IMPORT TERRESTRE FTL PDLLIBRES
25	GMCI	25-GMCI-000771		LUMINIAS SRL	LIBRO + EXHIBIDOR	25001IC04237324P	06/11/2025	LIBRO + EXHIBIDOR
25	GMCI	25-GMCI-000769		GM CARGO SRL	IRIMAQ SA (TRANSITO A PARAGUAY)	25001TRM4008176C	28/08/2025	TRANSITO ISTA EXO/PARAGUAY 1x40HC MSMU60880822
25	GMCI	25-GMCI-000768		SCHMIDT MARIANA BELEN	25/01764SI _ SCHMIDT MARIAN BELEN	25001TRM4008150R	28/08/2025	TRANSITO ISTA T4-ARBUE/ PUERTO SANTA FE
25	GMCI	25-GMCI-000767	 	LAUACU SRL	10.703	25042IC05026213Y	15/10/2025	Camión consolidado desde fábrica BWB
25	GMCI	25-GMCI-000766		CELULOSA CANNING SA	IMB ET-622 pi487 ANIN2192 PDLL	25042IC05021618S	28/08/2025	IMPORT TERRESTRE PAPEL PDLLIBRES
25	GMCI	25-GMCI-000765		CELULOSA CANNING SA	IMB ET-621 pi486 ANIN2191 PDLL	25042IC05021772T	29/08/2025	IMPORT TERRESTRE PAPEL PDLLIBRES
25	GMCI	25-GMCI-000764		INDUSTRIAS MAR SAS	25/00173	25001TRM4007911V	25/08/2025	CACEC SEGU6293646 HAMU3777241
25	GMCI	25-GMCI-000763		CELULOSA CANNING SA	IMB PAPELES ET-640	25042IC05022901Y	10/09/2025	IMPORT FTL PDLLIBRES
25	GMCI	25-GMCI-000762	 	CELULOSA CANNING SA	PEREZ TRADING INV 132016	25029IC05001862W	11/09/2025	IMPORT FTL TERRESTRE IGUAZU
25	GMCI	25-GMCI-000761		SOCIEDAD DE SAN PABLO	AB-250084012	25001IC04214905P	09/10/2025	Embarque China  ALLIANCE BUSINESS GUANGZHOU CO.,LTD Contenedor estatuillas + bisuteria
25	GMCI	25-GMCI-000760		Ever Wear S.A.	OP3561 - EVER WEAR	25001TRM4007844D	22/08/2025	TRM4 TRP SABADO 23/08 09HS/ CORDOBA (MARE) FXLU2287529
25	GMCI	25-GMCI-000759		CLOROMAS S.A.	25/01665 SI CLOROMAS SA	25001TRM4007646D	19/08/2025	TRM4 ISTA EXOLGAN/ BINDER1 1X20
25	GMCI	25-GMCI-000758		ALOE SALVADOR CRISTIAN	25/100155 SI ALOE SALVADOR CRISTIAN	25001TRM4007657F	19/08/2025	TRM4 ISTA EXOLGAN/TRANSTOTAL-ROSARIO 2x20
25	GMCI	25-GMCI-000756		CELULOSA CANNING SA	IMB ET-599 pi485 ANIN2160	25042IC05020774U	20/08/2025	IMPORT TERRESTRE PAPEL PDLLIBRES
25	GMCI	25-GMCI-000755	 	BRIKET S A	25/01367SI - BRIKET	25001TRM4007743B	20/08/2025	TRM4 EXOLGAN 21/8 17hs/ PORTAR ROSARIO 1x20 ONEU2359439
25	GMCI	25-GMCI-000754		INDUSTRIAS MAR SAS	25/00159 IT INDUSTRIAS MAR SAS	25001TRM4007571A	18/08/2025	TRM ISTA EXOLGAN/ CACEC 3X40HC
25	GMCI	25-GMCI-000751		CYPRES SA	LatinBooks Inter. SA 2570	25001IC05018301X	11/08/2025	Camión completo sale 08/08/2025 Arriba a Tefasa I 11-08-2025
25	GMCI	25-GMCI-000750		CRUX MARINE SAS 	NORTEK_CRUX UY A112	25001IC04163402K	12/08/2025	IMPO AEREA DHL
25	GMCI	25-GMCI-000749		FRANCO RAQUEL	25SP106	25001IC04192937C	16/09/2025	Pallets envío desde China ASIA PACIFIC  OFFESET LTD
25	GMCI	25-GMCI-000748		STAAL SAS	CBA 25/01270 SI _ STAAL SAS	25001TRM4007182V	05/08/2025	TRM4 TRP/ CORDOBA 1X40HC CAAU8774240
25	GMCI	25-GMCI-000747		ASOCIACION CASA EDITORA SUDAMERICAN	SAPPIPAPIER HOLDING GmbH 12536	25001IC04173017N	25/08/2025	 
25	GMCI	25-GMCI-000746	 	CELULOSA CANNING SA	IMB ET-579 pi484 ANIN2185	25042IC05019517A	06/08/2025	IMPORTACION ROJO PAPEL PDLLIBRES
25	GMCI	25-GMCI-000745		PAPELENO SA	PCC GRAL DEHEZA	25001TRM4007032P	31/07/2025	TRM4 ISTA TEMRINAL4/ GRAL DEHEZA 2x40HC ZCSU7722495 SELU4300178
25	GMCI	25-GMCI-000744		CELULOSA CANNING SA	IMB483-ANIN2188/2025	25042IC05019172U	04/08/2025	PAPEL PASO DE LOS LIBRES
25	GMCI	25-GMCI-000743		CEDIMET SRL	25/01210 SI _ CEDIMET	25001TRM4007077B	01/08/2025	TRM4 EXOLGAN/ BINDER1 MSBU4574186
25	GMCI	25-GMCI-000742		3BL SRL	GN1192	26001IC04006999F	09/01/2026	Pistacchios
25	GMCI	25-GMCI-000741		CULTURAL LIBRERA AMERICANA S.A.	ARQUETIPO GRUPO EDITORIAL 3042	25001IC05016881T	28/07/2025	ARQUETIPO GRUPO EDITORIAL SA 3042
25	GMCI	25-GMCI-000740		CRUX MARINE SAS 	AIRMARINE-CRUX UY inv A111	25001IC04152994B	29/07/2025	IMPORTACION AEREA (DHL) USA
25	GMCI	25-GMCI-000739		DINOSAURIO S.A.	DINOSAURIO NO IMO	25001TRM4006854D	25/07/2025	TRANSITO TRM EXO/CORDOBA 1X40 HC MSDU6331984
25	GMCI	25-GMCI-000738		PROBELT S.R.L.	TONOGA	25001IC04156196W	01/08/2025	2 CAJONES DE MADERA TONOGA P85-25 
25	GMCI	25-GMCI-000736		CELULOSA CANNING SA	IMB ET-559 ANIN PI2153	25042IC05018719D	29/07/2025	IMPORTACION TERRESTRE BRASIL/ PDLLIBRES_07 ROLLOS
25	GMCI	25-GMCI-000735		CELULOSA CANNING SA	IMB ET-558 ANIN PI 2149/2025	25042IC05018665D	29/07/2025	IMPORTACION BRASIL/ PDLLIBRES_7 ROLLOS
25	GMCI	25-GMCI-000734		W.MAX SRL	JOSTRON INV: A7	25001IC04239977X	10/11/2025	IMPORT MARIT 1X20OT VIDRIO TEMPLADO
25	GMCI	25-GMCI-000733		SOCIEDAD DE SAN PABLO	EMBARQUE ESPAÑA	25001IC04177114P	28/08/2025	FTAU1272322 / HLD2348537
25	GMCI	25-GMCI-000732		FERREYRA DIEGO JEREMIAS	OP 3584 FRREYRA DIEGO	25001TRM4007235U	07/08/2025	TRM4 ISTA TRP/ CORDOBA 2x40HC SOC EITU1453197, EITU1275217
25	GMCI	25-GMCI-000731		CULTURAL LIBRERA AMERICANA S.A.	Guanghou New Color Priting Inv.325032001-1	25001IC04221549R	20/10/2025	Contenedor Guanghou New Color Priting Inv.325032001-1 Terminales Río de la Plata. Canal Verde.
25	GMCI	25-GMCI-000730		ASOCIACION CASA EDITORA SUDAMERICAN	SAPPI PAPIER HOLDING GMBH	25001IT14002497L	28/07/2025	2do Embarque  contenedores de papel 2x 20 st.
25	GMCI	25-GMCI-000728		CUATRO ASES SA	25/00149 IT	25001TRM4006899M	28/07/2025	25/00149 IT IMO  PCC
25	GMCI	25-GMCI-000727		3BL SRL	NºGG-002	25001IC04220592Y	16/10/2025	Raw Pistachios Kernel (10kg)  Marítimo
25	GMCI	25-GMCI-000726		ASOCIACION CASA EDITORA SUDAMERICAN	SAPPI 125251300	25001IC04156220K	01/08/2025	Embarque directo. Marítima CMA CGM  Contenedores: TRHU1042210 1X20ST + TRHU3111028 1X20STN Realizar SENASA madera; 44 pallets (22 cada cont.)
25	GMCI	25-GMCI-000725		CELULOSA CANNING SA	PEREZ TRADING INV 130539 BRACELL	25029IC05001573V	01/08/2025	IMPORTACION TERRESTRE BRASIL/PUERTO IGUAZU_06 ROLLOS PAPAEL
25	GMCI	25-GMCI-000724		EPIFANIO JIMENEZ E HIJOS S.A.	EPIFANIO_25/00146 IT	25001TRM4006478F	16/07/2025	TRM T4/CACEC + SENASA VEGETAL TTO RESTRINGIDO_FFAU5225450
25	GMCI	25-GMCI-000723		DINOSAURIO S.A.	DINOSAURIO_25/01382 SI	25001TRM4006844C	25/07/2025	TRANSITO EXOLGAN/ CORDOBA IMO 1X40HC MEDU4480066
25	GMCI	25-GMCI-000722		CERAMICA MARCOS PAZ SRL	TRM CERAMICAS MARCOS PAZ	25073TRM4002483G	10/07/2025	TRANSITO EZEIZA/ TUCUMAN CAI 5333
25	GMCI	25-GMCI-000721	 	ELECTRO CORDOBA S.A.	OP3597 ELECTRO CORDOBA	25001TRM4007866H	22/08/2025	TRANSITO ISTA BUE/COR OOLU0148084
25	GMCI	25-GMCI-000720		CRISMAL SRL	OP 3562 - CRISMAL SRL	25001TRM4006328W	11/07/2025	TRM TRP/CORDOBA - CMAU7209960 SEAL R7080611
25	GMCI	25-GMCI-000719		GM CARGO SRL	TTO. INTERNAC. A PARAGUAY	25001TRM4006511Z	17/07/2025	VALERO COMEX_TRM4 COLOMBIA/ PARAGUAY 1x40HC  FCIU7474465
25	GMCI	25-GMCI-000718		Rodrigo Zubillaga	MEX	25001IC04137135Y	07/07/2025	MEX
25	GMCI	25-GMCI-000717		ASTURCON SA	MAQ.AGRIC.SIRUANA INV.003	25008IC04008375B	29/10/2025	IMPORT. MARIT. ZARATE COSECHADORA DE UVAS. ASTURCON SA
25	GMCI	25-GMCI-000716		ACEITERA SOLDINI SA	MAQ.AGRIC.SIRUANA INV.002	25008IC04008374A	29/10/2025	IMPORT. MARIT. ZARATE COSECHADORA DE UVAS. ACEITERA SOLDINI SA
25	GMCI	25-GMCI-000714		CRUX MARINE SAS 	SRT JUN2025_CRUX UY INV: A 108	25001IC04133521J	01/07/2025	IMPO AEREA_x3 AIS COAST STATION_DHL AWB 49 6832 2096
25	GMCI	25-GMCI-000713		EFEPE S.A.	VALO_V-250611	25001IC04128029Z	24/06/2025	IMPORTACION AEREA TAIWAN 
25	GMCI	25-GMCI-000712		W.MAX SRL	JOSTRON INV.A 4_ 2x40HC CESPED JUNIO 2025	25001IC04179338C	01/09/2025	IMPORT MARIT FOB QINGDAO CESPED HOCKEY + BLACK + PADEL
25	GMCI	25-GMCI-000711		PRIOTTI NANCY MARIA	RANDLL BROS INV. 28489	25008IC04006864C	03/09/2025	IMPORT RO-RO- ZARATE COSECHADORA USADA JD S690
25	GMCI	25-GMCI-000710		VIOTTO SERGIO CARLOS	RANDLL BROS INV. 29327	25008IC04006812S	02/09/2025	IMPORT RO-RO- ZARATE COSECHADORA CASE IH8120
25	GMCI	25-GMCI-000709		CUATRO ASES SA	CLORURO	25001TRM4005475B	19/06/2025	CLORURO 27744 KGS KOCU4243978 / 24H1109446
25	GMCI	25-GMCI-000708		PROBELT S.R.L.	P39-25 HABASIT	25001IC04135025K	02/07/2025	P39-25 HABASIT CARGA SUELTA
25	GMCI	25-GMCI-000707	 	DINOSAURIO S.A.	DINOSAURIO_25/01382 SI	25001TRM4006848G	25/07/2025	TRANSITO IMO EXOLGAN/ CORDOBA MEDU7561095 1X40HQ
25	GMCI	25-GMCI-000706		ROS MEDICAL S.A.	25/00450 - ROS MEDICAL SA	25073TRM4002157E	13/06/2025	TRM EZEIZA/ ROSARIO-BINDER 1
25	GMCI	25-GMCI-000705		PROBELT S.R.L.	P114-24	25033ZFE1003516G	11/06/2025	P114-24
25	GMCI	25-GMCI-000704		GURIDI LEANDRO NESTOR	RANDAL BROS INV. 26196	25008IC04007882D	09/10/2025	IMPORT MAR ZARATE COSECHADORA JD S690
25	GMCI	25-GMCI-000703	 	M A COMERCIAL SRL	25/00994_M A COMERCIAL	25001TRM4005681A	25/06/2025	TRM TRP (25/06 21HS)/CORD_25/00994 PCC 1X40HC UETU6935754
25	GMCI	25-GMCI-000702		MANTIS LOGISTICS S.A.S.	MANTIS LOG-ILLUSTRA_25/00876 SI	25001TRM4005810R	27/06/2025	TRM4 COMPARTIDO 2IMPORTADORES EN 1 CONTENEDOR A ZOFRACOR ZONA FRANCA
25	GMCI	25-GMCI-000701		SHIFT ARGENTINA S.A.S.	SHIFT ARG.SA-ILLUSTRA_25/00876 SI	25001TRM4005814V	27/06/2025	TRM4 COMPARTIDO 2IMPORTADORES EN 1 CONTENEDOR A ZOFRACOR ZONA FRANCA
25	GMCI	25-GMCI-000700		CULTURAL LIBRERA AMERICANA S.A.	Arquetipo Grupo Editorial SA 3039	25001IC05011733K	02/06/2025	Camión completo. Zona Franca Colonia Pedido 24- Mayo 2025
25	GMCI	25-GMCI-000699		CYPRES SA	Pedido 03	25001IC05014007H	25/06/2025	Camión Completo Zona Franca Colonia
25	GMCI	25-GMCI-000697		GIRAUDO EQUIPAMENTO S.A.	PRE ALERTA | GIRAUDO | 25/00865	25001TRM4005004M	05/06/2025	PRE ALERTA | GIRAUDO | 25/00865 SI | ISTA a CBA TEMU1723611
25	GMCI	25-GMCI-000696		SOCIEDAD DE SAN PABLO	JHY20250331	25001IC04194958H	18/09/2025	Envío contenedor completo China
25	GMCI	25-GMCI-000695		CELULOSA CANNING SA	LIUZHOU REMI TRADE CO. LTD._INV: RM20250308	25001IC04104534L	20/05/2025	FILM POF IMPORTACION DE CHINA_1X40HC TLLU7695267
25	GMCI	25-GMCI-000694		3BL SRL	ALMENDRAS PROF 153 ATLANTICA -	25001IC04118537T	11/06/2025	ALMENDRAS PROF 153 ATLANTICA - CHILE TERRESTRE
25	GMCI	25-GMCI-000693		AFG INGENIERIA S.R.L.	25/00316_AFG INGENIERIA	25073TRM4001999R	29/05/2025	TRM4 EZEIZA/ BINDER1
25	GMCI	25-GMCI-000691		PLANTIUM S.A.	25/00323_PLANTIUM	25073TRM4001755H	14/05/2025	TRANSITO TRM EZEIZA/ZF VILLA CONSTITUCIÓN
25	GMCI	25-GMCI-000688		3BL SRL	Georgian Products R.Inv c-83	25001IC04166951W	18/08/2025	Avellanas Naturales  s/ cáscaras  calibre 11-13MM  origen Giorgia
25	GMCI	25-GMCI-000687		3BL SRL	DUBAI INVOICE 27/2025	25001IC04105312G	21/05/2025	AVENA DE BRASIL DUBAI INVOICE 27/2025
25	GMCI	25-GMCI-000686		CUATRO ASES SA	CUATRO ASES_IMO_25/010130 SI	25001TRM4004248V	13/05/2025	TLLU5973899 1X40HC TRANSITO ISTA TRM4 T4/DEP. FISC. CORDOBA+ADCHIPION CARGA 19/05 18HS
25	GMCI	25-GMCI-000685		SOCIEDAD DE SAN PABLO	MAQUINA BIBLIA ADORNOS	25001IC04170684U	21/08/2025	MAQUINA BIBLIA ADORNOS
25	GMCI	25-GMCI-000684		MARSTECH SRL	25/00175_MARSTECH	25073TRM4001565G	29/04/2025	TRM EZEIZA/BINDER I_128 BULTOS
25	GMCI	25-GMCI-000683	 	CUATRO ASES SA	25/00923 SI_CUATRO ASES	25001TRM4003777E	29/04/2025	TRM ARBUE-T4/CACEC_1x20MRSU0047982
25	GMCI	25-GMCI-000682		CUATRO ASES SA	25/00922 SI_CUATRO ASES	25001TRM4003802Z	30/04/2025	TRM ARBUE-T4/ DEP.FISC.CORDOBA/ALTOS DE CHIPION/BUE_ 1x40HC UETU655588/3 IMO
25	GMCI	25-GMCI-000679		LAUACU SRL	PROFORMA 10417	25001IC04133022F	30/06/2025	PROFORMA 10417
25	GMCI	25-GMCI-000678		CUATRO ASES SA	25/00813_CUATRO ASES	25001TRM4003353R	14/04/2025	TRANSITO ISTA EXOLGAN/ CACEC_CARGA SABADO 19/04_1x20 MSMU340492/8
25	GMCI	25-GMCI-000677		CUATRO ASES SA	25/00818SI_CUATRO ASES	25001TRM4003465V	21/04/2025	TRANSITO ISTA TRP/CORDOBA_1x20 CMAU1725700
25	GMCI	25-GMCI-000676		W.MAX SRL	PADEL GRASS_JOSTRON_FACT: 3	25001IC04081194R	21/04/2025	IMPORTACION DE CHINA_1X20 CSLU2110355
25	GMCI	25-GMCI-000675	 	3BL SRL	GFT GIDA LIMITED SIRKETI	25001IC04116480Y	09/06/2025	Embarque marítmo Iran.Pistachos
25	GMCI	25-GMCI-000673		3BL SRL	SMARTNUTS 501059/25	25001IC05008641Y	24/04/2025	Almendras Non Parell Variety 25-27
25	GMCI	25-GMCI-000672		CULTURAL LIBRERA AMERICANA S.A.	Arquetipo Grupo Editorial3038	25001IC05007663R	14/04/2025	Arquetipo Grupo Editorial SA A 3038  Camión completo. Cruza 11/04 arribando a Buenos Aires 14/04.
25	GMCI	25-GMCI-000671		PROBELT S.R.L.	P04-25 MATO / P03-25 VOLTA	25001IC04074420L	08/04/2025	P04-25 MATO / P03-25 VOLTA
25	GMCI	25-GMCI-000670		EPIFANIO JIMENEZ E HIJOS S.A.	EPIFANIO_25/00543 SI	25001TRM4002967E	31/03/2025	TRM4 TRP/CACEC_CON VERIF SENASA FITO_1x20 SEGU1778860
25	GMCI	25-GMCI-000668		CYPRES SA	LATINBOOKS_FACTURA: A 2554	25001IC05006535Y	31/03/2025	IMPORTACION DDE ZFCOLONIA_CAMIÓN COMPLETO
25	GMCI	25-GMCI-000667	 	MOLBER SRL	24/02810 SI_MOLBER SRL	25001IC04110983Z	30/05/2025	IMPORTACION CHINA LCL_S/ TANGSHAN SHIMAI I&E TRADING CO., LTD
25	GMCI	25-GMCI-000666		SOCIEDAD DE SAN PABLO	PAPEL RESOLUTE DANNY HUERTAS	25001IC04122438Y	17/06/2025	 
25	GMCI	25-GMCI-000665		ASOCIACION CASA EDITORA SUDAMERICAN	5646-SI	25001IC04072992A	07/04/2025	 
25	GMCI	25-GMCI-000664		ASOCIACION CASA EDITORA SUDAMERICAN	PAPEL 5647-SI	25001IC04072869D	07/04/2025	PAPEL 5647-SI
25	GMCI	25-GMCI-000662	 	EPIFANIO JIMENEZ E HIJOS S.A.	25/000621 IT_EPIFANIO JIMENEZ	25001TRM4002641Z	19/03/2025	TRM EXO/CACEC_1X40HC MSDU5410245_VERIFICACION CON SENASA FITOSANITARIO
25	GMCI	25-GMCI-000660		ASOCIACION CASA EDITORA SUDAMERICAN	Nanjing Amity COM-AIE24101063-	25001IC04090453P	05/05/2025	Contenedor Biblia Devocional
25	GMCI	25-GMCI-000658		EDICIONES LEA S.A.	LIBROS INVOICE JH-LEA20250311A	25001IC04090641Y	05/05/2025	LIBROS INVOICE JH-LEA20250311A 23 PALETS
25	GMCI	25-GMCI-000657		PROBELT S.R.L.	P10-25 HABASIT	25001IC04062423L	25/03/2025	P10-25 HABASIT
25	GMCI	25-GMCI-000654		MESSINA HNOS. S.A.	guantes	25001IC04047891A	05/03/2025	guantes
25	GMCI	25-GMCI-000653		PROBELT S.R.L.	P13-25 NK TECHNIKCS	25073IC04025448D	07/03/2025	P13-25 NK TECHNIKCS
25	GMCI	25-GMCI-000652		JBS RENTAL S.A.	R&R LOG. (NI) LTD._INV CI-00051477/2	25001IC04067115Y	31/03/2025	IMPORTACION AEREA_RALLY PARTS
25	GMCI	25-GMCI-000651		BOTO DE MATOS MAXIMILIANO CARLOS	B01-25	25001IC04046588C	28/02/2025	B01-25 TONOGA
25	GMCI	25-GMCI-000649		CRUX MARINE SAS 	SRT FEB2025_CRUX UY_A17	25001IC04049717W	06/03/2025	IMPO AEREA_x3 AIS COAST STATION_DHL AWB 24 5653 8991
25	GMCI	25-GMCI-000648		ASOCIACION CASA EDITORA SUDAMERICAN	COM-AIE24101063-4	25073SEDI021957L	21/02/2025	 
25	GMCI	25-GMCI-000644	 	FRANCO RAQUEL	HUNG HING OFF-SET PRINT_FACTURA: 5228666	25001IC04060595T	20/03/2025	IMPORTACION DE CHINA MARITIMO CONSOLIDADO
25	GMCI	25-GMCI-000643		PROEME	GUILLERMO ESC/PANOPLIA/TROTT..	25001IC04039371R	19/02/2025	GUILLERMO ESC/PANOPLIA/TROTT..
25	GMCI	25-GMCI-000642		CRUX MARINE SAS 	CONJUNTOS DE FONDEO_CRUX UY # A14	25001IC04044142J	26/02/2025	IMPORT LCL NO APILABLE (BOLSAS)_AFORO 20m3_PRODEC: CHINA
25	GMCI	25-GMCI-000641		ANTONIO F LA BRUNA SRL	RE: LA BRUNA || ISTA	25001TRM4001110G	31/01/2025	MRKU0909030 ML-BR3791847 MRKU0380291 ML-BR3727796 TUCUMAN CONTROL UNION NORTE 1100B
25	GMCI	25-GMCI-000640		SOCIEDAD DE SAN PABLO	ZT240418-008	25001IC04044293Z	26/02/2025	CONTENERDOR DE BIBLIAS
25	GMCI	25-GMCI-000639		LAUACU SRL	BWB EMBALAGENS_INV. 9.733	25001IC04045737U	27/02/2025	IMPORT. TERRESTRE PROC. BRASIL_EXW_MOLDES PARA USO REPOSTERO
25	GMCI	25-GMCI-000638		PATOCO Y CIA S.R.L.	NUEVA CARGA | PATOCO | BL 7227	25001TRM4000849B	23/01/2025	TRM ISTA TRP/CACEC_CARGA 29/01 20HS_1x20 TEMU4297422_SENASA
25	GMCI	25-GMCI-000637		GM CARGO SRL	EMBRAGUE CAMION	25001IC04021169N	27/01/2025	 
25	GMCI	25-GMCI-000634		CYPRES SA	LatinBooks International SA A 2540	25001IC05001754M	27/01/2025	Pedido 1 -2025  Camión completo. Libros  - libros con complementos.+ Libros con pilas.
25	GMCI	25-GMCI-000633		ASOCIACION CASA EDITORA SUDAMERICAN	63748	25001IC04041203E	21/02/2025	Libros con cajas edición  especial
25	GMCI	25-GMCI-000632		CUATRO ASES SA	25/00132 SI_CUATRO ASES_IMO	25001TRM4000882V	24/01/2025	TTO TRAM A DEP.FISCAL CORDOBA (1100P)_1X40HC SEGU5698418 ***IMO***
25	GMCI	25-GMCI-000631		ASOCIACION CASA EDITORA SUDAMERICAN	63747	25001IC04036502K	17/02/2025	Importación Libros de Baño  Proveedor Leo Paper Products LTD.
25	GMCI	25-GMCI-000630		EDITORIAL BETINA SRL	ABC INTERNATIONAL PUBLISHING LLC 2025-2213	26001IC04022478S	03/02/2026	IMPORT MARIT DE CHINA 1X40HC SUDU8668926/
25	GMCI	25-GMCI-000629		W.MAX SRL	TAISHAN/ JOSTRON_FACTURA: 2	25001IC04076466A	10/04/2025	3X40HC CESPED SINTÉTICO_IMPORTACION DE CHINA
25	GMCI	25-GMCI-000621		EDITORIAL BETINA SRL	ABC INT. PUBLISHING LLC INV. 2025-2214	26001IC04023695U	04/02/2026	IMPORT MARITIMA 1X40HC FCIU7456116
24	GMCI	24-GMCI-000636		CUATRO ASES SA	24/01687 SI_CUATRO ASES SA	25001TRM4000790T	22/01/2025	TTO ISTA T4/CACEC_1X40HC MSKU9659397
24	GMCI	24-GMCI-000627		VASSER S.A.	24/02191 SI_VASSER SA	24001TRM4009200N	26/12/2024	TRANSITO TRM4 EXOLGAN/ZF LA PLATA_1X20 MSDU1903536
24	GMCI	24-GMCI-000626		CRUX MARINE SAS 	SRT CHRONOS_CRUX UY INV. A10	25001IC04002410B	03/01/2025	IMPORT CIP_SRT/ CRUX UY_DHL PREPAID
24	GMCI	24-GMCI-000625		LETRA IMPRESA SRL		25001IC04036033J	14/02/2025	Importación Shenzhen Jinhao Color Printing Co Ltd
24	GMCI	24-GMCI-000624		CULTURAL LIBRERA AMERICANA S.A.	Guangzhou New Color Printing  324072063-1	25001IC04043050G	25/02/2025	Guangzhou New Color Priting Co.;Ltd. 324072063-1
24	GMCI	24-GMCI-000623		ASOCIACION CASA EDITORA SUDAMERICAN	COM-AIE24101037-1/40-1/48-3-1	25001IC04037101G	17/02/2025	Contenedor 1*40HQ Biblias
24	GMCI	24-GMCI-000622		PROBELT S.R.L.	P106-24	24073IC04147529H	27/12/2024	AEREO SILIKOMRAT
24	GMCI	24-GMCI-000620		CULTURAL LIBRERA AMERICANA S.A.	24-2024	25001IC05001722H	27/01/2025	Camión completo Uruguay
24	GMCI	24-GMCI-000619		LEDARGSA S.A.	CNP_INV 06455 A 06449	24001IC04211204D	17/12/2024	IMPORT FCL 1X40HQ_ ZCSU7169986
24	GMCI	24-GMCI-000618		LEDARGSA S.A.	CNP_INV 06441 AL 06454	24001IC04211262H	17/12/2024	IMPORTACIONI FCL 1X40HQ_TEMU7610680 
24	GMCI	24-GMCI-000616		GM CARGO SRL	TRANSITO INTERNAC. A PARAGUAY	24001TRM4008811U	12/12/2024	TRM4 LOG. MILO/ PARAGUAY_VEHICULOS CARGA SUELTA
24	GMCI	24-GMCI-000615	 	CUATRO ASES SA	24/01422 SI_CUATRO ASES	24001TRM4008514U	04/12/2024	TRM4 T4/ CACEC_SEKU1633706
24	GMCI	24-GMCI-000614		TONONI MAXIMILIANO JOSE	LA PANOPLA Y OTROS	25001IC04067935B	31/03/2025	IMPORTACION ESPAÑA MARZO 2025_VARIOS PROVEEDORES_CONSOLIDADO MARITIMO.
24	GMCI	24-GMCI-000613		GM CARGO SRL	MILLED CHILE CONMEBOL FC 613	24073IC04134343U	27/11/2024	MILLED CHILE CONMEBOL FC 613_GUIA 605 SCL 00522874_20 CAJAS
24	GMCI	24-GMCI-000612		CYPRES SA	07-2024	24001IC05019032J	02/12/2024	Camión completo ZFC
24	GMCI	24-GMCI-000611		GM CARGO SRL	CONMEBOL LIBERTADORES	24001IC04195161Z	26/11/2024	DHL 8997805364_15 CAJAS
24	GMCI	24-GMCI-000610		GM CARGO SRL	CAMION CONMEBOL LIBERTADORES	24012IC04000665M	25/11/2024	CAMION CONMEBOL LIBERTADORES_ADUNA DE CLORINDA
24	GMCI	24-GMCI-000609		A Z EDITORA S.A.	LYF-G.XY 224072337/8	25001IC04003725L	06/01/2025	Contenedor de China NO PALLETS
24	GMCI	24-GMCI-000608		GM CARGO SRL	CONMEBOL LIBERTADORES	24001IC04194585C	25/11/2024	DHL GUIA AEREA 2539624496_8 CAJAS
24	GMCI	24-GMCI-000607		DEPPELER JUAN CARLOS	24/00530_DEPPELER	24008TRM4000410Y	29/11/2024	TRM ZARATE/ CORRIENTES_COSECHADORA DE ALGODON_BL NYKS300038574
24	GMCI	24-GMCI-000605		GM CARGO SRL	CONMEBOL LIBERTADORES	24001IC04194576C	25/11/2024	DHL AWB 8572095140_27 CAJAS 
24	GMCI	24-GMCI-000604		GM CARGO SRL	CONMEBOL LIBERTADORES	24001IC04194438W	25/11/2024	DHL MATADEROS GUIA 9642911633_37 CAJAS
24	GMCI	24-GMCI-000603		ASOCIACION CASA EDITORA SUDAMERICAN	Nanjing Amity Import &Export	25001IC04029120X	06/02/2025	Contenedor China
24	GMCI	24-GMCI-000602		MOLBER SRL	24/02707 SI_MOL-BER SRL	25001IC04050014E	07/03/2025	LANA DE VIDRIO_1X40HC_TXGU5465729
24	GMCI	24-GMCI-000600		CULTURAL LIBRERA AMERICANA S.A.	Arquetipo 3029 // Pedido  20-24	24001IC05018102G	19/11/2024	Camión completo Tte Rolando  Impresos según IC05018102G Canal Naranja.
24	GMCI	24-GMCI-000598		CUATRO ASES SA	24/01004 SI_CUATRO ASES	24001TRM4007413R	29/10/2024	31/10 22hs (FORZOSO IN)_TRAM ISTA T4/CACEC_MRKU8668854
24	GMCI	24-GMCI-000597		CUATRO ASES SA	24/01007 SI_CUATRO ASES	24001TRM4007837E	13/11/2024	TTO ISTA MSNU2125080 20 DRY_EXO/ CACEC CORDOBA
24	GMCI	24-GMCI-000596		PROBELT S.R.L.	P88-24	24001IC04206941P	11/12/2024	P88-24
24	GMCI	24-GMCI-000595		Rodrigo Zubillaga	mex	25001IC04000948P	02/01/2025	9 PALETS CARGA SUELTA
24	GMCI	24-GMCI-000594		SOCIEDAD DE SAN PABLO		24001IC04195408U	26/11/2024	BL XDSEF240914022 KOCU5248167
24	GMCI	24-GMCI-000593		BALSAMO S.A.	BALSAMO_LCL_TRAM SI	24001TRM4007104Y	18/10/2024	BALSAMO_LCL_TRAM SI CORDOBA
24	GMCI	24-GMCI-000591		PROBELT S.R.L.	P74-24	24001IC04213079P	19/12/2024	P74-24
24	GMCI	24-GMCI-000590		CYPRES SA	LatinBooks 2533 // PROFORMA Nº06-24	24001IC05017064M	04/11/2024	Camión Completo Tte Rolando 001ROU1020/24 LatinBooks International SA 2533 Libros Impresos.
24	GMCI	24-GMCI-000589		DEPPELER JUAN CARLOS	31353_DEPPELER	24008TRM4000382W	07/11/2024	TRM ZARATE/ CORRIENTES_COSECHADORA DE ALGODON_AFIDI
24	GMCI	24-GMCI-000583		NEXUS AMERICA SA	31029_NEXUS AMERICA SA	24001TRM4006877H	14/10/2024	TRM ISTA TRP/CORD_TGBU4358298_IMO 2.1
24	GMCI	24-GMCI-000581		CULTURAL LIBRERA AMERICANA S.A.	324032114-4 Guangzhou New Color Printing 1x40HQ	24001IC04212809P	19/12/2024	Contenedor 1x 40HQ HMMU5485460 Libros Impresos según Inv. / Despacho de Importación. Retiro de puerto TRP 20/12/24
24	GMCI	24-GMCI-000580		DEPPELER JUAN CARLOS	30971	24008TRM4000320Y	26/09/2024	OP3971 ADUANA DE ZARATE CARRETON CON MAQUINA AGROPECUARIA
24	GMCI	24-GMCI-000578		LUMINIAS SRL	SC202400911A2	24001IC04203764P	06/12/2024	IMPORT LCL CHINA_NRO 1_ENCICLOPEDIAS LUMINIAS.
24	GMCI	24-GMCI-000577		PROBELT S.R.L.	P-65-24	24001IC04161935S	09/10/2024	 
24	GMCI	24-GMCI-000575		EPIFANIO JIMENEZ E HIJOS S.A.	30747_EPIFANIO JIMENEZ	24001TRM4006101K	16/09/2024	TRANSITO ISTA TRP/CORDOBA_TURNO CARGA 20/09 21HS_PIDU4103442
24	GMCI	24-GMCI-000574		BIO.TUC. SRL	24/00422 SI_BIO TUC	24001TRM4006692C	08/10/2024	TRM EXOLGAN/ TUCUMAN_1X20 DFSU2924630
24	GMCI	24-GMCI-000571		EDICIONES LEA S.A.	JH-LEA20240613A	24001IC04182071M	06/11/2024	Envío Jing Hao Yi (HK) Trading Co,.Ltd.
24	GMCI	24-GMCI-000570		INSUMOS MASIVOS SRL	24/01339_INSUMOS Y MASICOS	24001TRM4008354W	02/12/2024	TRM BUE/ROS_1X20 IMO CLASS 2.1_BMOU1269927
24	GMCI	24-GMCI-000568		PLANTIUM S.A.	24/00593_PLANTIUM	24073TRM4002004R	05/09/2024	TTO ISTA EZEIZA/ZFVCONSTITUCION
24	GMCI	24-GMCI-000567		CRUX MARINE SAS 	CRUX UY INV: A8_PANELES SEP 2024	24001IC04145041X	12/09/2024	IMPORTACION PANELES_DHL_DHL MATADEROS
24	GMCI	24-GMCI-000566		CUATRO ASES SA	24/00212 SI_CUATRO ASES	24001TRM4006696G	08/10/2024	TRM ISTA EXO/CACEC_1X20 RFSU3051143
24	GMCI	24-GMCI-000565		CUATRO ASES SA	24/00145 SI_CUATRO ASES SA	24001TRM4005743V	05/09/2024	TTO ISTA T4/TERRAMAR_TIIU2244124 20 DRY 
24	GMCI	24-GMCI-000564		CRUX MARINE SAS 	PALMARY-AUG24_CRUX UY INV: A7	24073IC04100717S	13/09/2024	IMPORTACION AEREA_COMPONENTES ELECTRÓNICOS_FEDEX_TCA EZEIZA
24	GMCI	24-GMCI-000563		SOCIEDAD DE SAN PABLO	Resolute FP US INC. 10358154	24001IC04151801J	23/09/2024	2do envío contenedor papel prensa  ETA 16/09/24
24	GMCI	24-GMCI-000562		SOCIEDAD DE SAN PABLO	Resolute FP US INC 10357652	24001IC04151730K	23/09/2024	1er Embarque contenedor de papel prensa. Envío desde Montreal Cánada. No giro de divisas
24	GMCI	24-GMCI-000561		AGROCOSECHA S.A.	24/00203 SI_AGROCOSECHA	24001TRM4005179B	13/08/2024	TRANSITO ISTA EXOLGAN/ PUERTO SECO MENDOZA_ 1X40 MSDU4464519 
24	GMCI	24-GMCI-000559		CRUX MARINE SAS 	BANTEN BY CRUX MARINE URUGUAY	24001IC04122858T	08/08/2024	ANTENAS BANTEN
24	GMCI	24-GMCI-000558		DROGUERIA MEDICA SRL	24/00910 SI_DROGUERIA MEDICA SRL	24001TRM4005561T	30/08/2024	TRM4 TRP/BINDER 1-ROSARIO
24	GMCI	24-GMCI-000557		G Y S ANTONELLINI SRL	24/00684_GYS ANTONELLI SRL	24001TRM4005021K	07/08/2024	TRANSITO ISTA_EXOLGAN/CELIMEX-VENADO TUERTO_3 X 40HC
24	GMCI	24-GMCI-000555		PERTRAK S.A	31113_PERTRAK SA	24001TRM4006113N	16/09/2024	TRANSITO ISTA TRP/ TORTONE_18/09 19HS_KOCU5131247
24	GMCI	24-GMCI-000553		CYPRES SA	Pedido 05-2024 Camión	24001IC05010892Y	05/08/2024	 
24	GMCI	24-GMCI-000552		CULTURAL LIBRERA AMERICANA S.A.	20-24	24001IC05010570H	30/07/2024	CAMION COMPLETO 645 BULTOS
24	GMCI	24-GMCI-000550		CRUX MARINE SAS 	ARROW JUL 2024_INV 024611386	24001IC04132659T	27/08/2024	IMPORTACION DE COMPONENTES ELECTRONICOS_AEREO VIA DHL
24	GMCI	24-GMCI-000548		ISSA EZEQUIEL ROBERTO	30837_ISSA	24001TRM4005593B	30/08/2024	TRM EXO/TERRAMAR_MSNU8047494 // SEAL FJ20264428
24	GMCI	24-GMCI-000547		ISSA EZEQUIEL ROBERTO	30713_ISSA EZEQUIEL ROBERTO	24001TRM4005008P	07/08/2024	TRANSITO ISTA_EXOLGAN/ZF CORDOBA (88101)_1X40HC TIIU4445637 SEAL FJ20263872
24	GMCI	24-GMCI-000546		NEXUS AMERICA SA	31106_NEXUS AMERICA SA	24001TRM4004789H	30/07/2024	TTO ISTA BUE/ TORTONE_1X40HC TGBU7072815_SEAL A4230915995_IMO CLASS 2.1
24	GMCI	24-GMCI-000543		SOCIEDAD DE SAN PABLO	CAUCE LIBROS+LOYOLA+EDIT. DESC	24001IC04169999N	18/10/2024	Carga Consolidada marítima  CAUCE LIBROS+GRUPO DE COMUNICACIÓN LOYOLA S.L.U.+EDITORIAL DESCLÉE DE BROUWER,S.A.
24	GMCI	24-GMCI-000542		GM CARGO SRL	CONMEBOL FINAL 2024_LLAVEROS	24073IC04126799N	12/11/2024	IMPORT AEREA VIA FEDEX_LLAVEROS CONMEBOL FINAL 2024
24	GMCI	24-GMCI-000541		CULTURAL LIBRERA AMERICANA S.A.	JHP20240607003	24001IC04158421Y	03/10/2024	Contenendor  China / FOB
24	GMCI	24-GMCI-000539		Rodrigo Zubillaga		24001SEDI189190F	25/06/2024	Libros Fer
24	GMCI	24-GMCI-000537		ANTONIO F LA BRUNA SRL	OP30862 - ANTONIO F. LA BRUNA SRL	24001TRM4003834U	19/06/2024	TTO TRM ISTA 2x40HC T4/ TUCUMAN_CAAU6089313_TGHU9825695
24	GMCI	24-GMCI-000536		EFEPE S.A.	VALO_V-240506+V-240610_REPUESTOS	24001IC04102293K	08/07/2024	 
24	GMCI	24-GMCI-000535		CYPRES SA	Pedido04/2024	24001IC05008887C	01/07/2024	Camiòn completo ZFC
24	GMCI	24-GMCI-000534		FIMEX SRL	24/00660_FIMEX SRL	24001TRM4003619V	10/06/2024	TRM4 ISTA GEMEZ II/ ZPA PTO SANTA FE/ CLIENTE SANTA FE_22 PALETS CARGA SUELTA
24	GMCI	24-GMCI-000532		FRIGORIFICO MARK S.A	2024-05-IA0113_FRIG. MARK SA	24073TRM4001128A	28/05/2024	TRM ISTA EZEIZA/ BINDER 1, ROSARIO_AEREO: 724WAW73113493_1 BULTO 64KGS
24	GMCI	24-GMCI-000531		PLANTIUM S.A.	24/00293_PLANTIUM	24073TRM4001199X	04/06/2024	TRM4_EZEIZA/ ZFVCONSTITUCION_1 PALET_TECLAS /INTERRUPTORES
24	GMCI	24-GMCI-000529		CULTURAL LIBRERA AMERICANA S.A.	Arquetipo Grupo Editorial SA	24001IC05008466S	24/06/2024	Camion completo desde Zona Franca Colonia Uruguay. Pequeñas cantidades Número de trámite: EX-2024-51493059- -APN-DNRT#MEC.
24	GMCI	24-GMCI-000528		SIPEL SRL	OP 24/00305_SIPEL SRL	24073TRM4001046W	17/05/2024	TRM04 EZEIZA - ROSARIO BINDER I
24	GMCI	24-GMCI-000527		CULTURAL LIBRERA AMERICANA S.A.	Guanghzhou New Color Printing	24001IC04148576B	17/09/2024	 
24	GMCI	24-GMCI-000526		GAMISOL Y CIA. S.A	OP 30250_GAMISOL Y CIA. SA	24001TRM4003617T	10/06/2024	TRM4 ISTA FCL_EXO/TORTONE
24	GMCI	24-GMCI-000525		PATOCO Y CIA S.R.L.	op 30593_PATOCO SRL	24001TRM4003263Z	23/05/2024	TRM4 1X20 TRP/CACEC_CORDOBA
24	GMCI	24-GMCI-000524		CYPRES SA	LatinBoooks International SA 2	24001IC05007458S	03/06/2024	Pedido 03/2024
24	GMCI	24-GMCI-000523	 	PERTRAK S.A	OPCBA 30425_PERTRAK SA	24001TRM4004391T	15/07/2024	TRM BUENOS AIRES - TORTONE CÒRDOBA
24	GMCI	24-GMCI-000522		PROBELT S.R.L.	CW	24001TRM4002748A	25/04/2024	TRM4
24	GMCI	24-GMCI-000519		CURTIEMBRE RIO TERCERO SA	OP: 30112_CURTIEMBRE RIO TERCERO	24001TRM4003159U	16/05/2024	TRM ISTA IMO_BUE/TORTONE/RIO TERCERO/BUE
24	GMCI	24-GMCI-000518		PLANTIUM S.A.	24/00156_PLANTIUM	24073TRM4000827F	19/04/2024	TRM4 PLANTIUM_EZEIZA/ZFVCONSTITUCION_98 BULTOS, 1.1431KGS
24	GMCI	24-GMCI-000517		JEREZ MANTARAS HUGO MARCELINO	Paidotribo SL / Inst. Monsa de	24001IC04111463J	23/07/2024	Embarque contenedor Paidotribo S.L. + Instituto Monsa de Ediciones S.L.
24	GMCI	24-GMCI-000516		PROEME	TROTTA SIGUEME HERMIDA	24001SEDI180269D	13/06/2024	TROTTA SIGUEME HERMIDA
24	GMCI	24-GMCI-000515		A Z EDITORA S.A.		24001IC04077847D	22/05/2024	Guangzhou New Color Printin Co  p/ Cta y Orden LYFTEN LLC. Libros Impresos.
24	GMCI	24-GMCI-000514		COMPAÑIA AVICOLA S.A.	24/00042 SI	24001TRM4002016L	21/03/2024	TRM4_COMPAÑIA AVICOLA_6x40HC+1x20
24	GMCI	24-GMCI-000513		CULTURAL LIBRERA AMERICANA S.A.	ARQUETIPO GRUPO EDITORIAL 3017	24001IC05005096Y	15/04/2024	CAMION ZONA FRANCA COLONIA
24	GMCI	24-GMCI-000510		PLANTIUM S.A.	24/00126	24073TRM4000709E	04/04/2024	TRM4 PLANTIUM_EZEIZA/ZFVCONSTITUCION_51 BULTOS, 581KGS 
24	GMCI	24-GMCI-000509		CYPRES SA	LATINBOOKS INTERNATIONAL SA 2101	24001IC05005319M	18/04/2024	LATINBBOKS INTERNATIONAL SA 2101 //  Pedido 2/24 Camiòn completo Embarque Terrestre. Embarca: Arriba: 
24	GMCI	24-GMCI-000508		PERTRAK S.A	OPCBA 30220_PERTRAK	24001TRM4002732Z	25/04/2024	TRM ISTA FCL_BUE- TORTONE
24	GMCI	24-GMCI-000507		SUELO Y VINOS S.A.	23/00446 SI_SUELO Y VINOS SA	24001TRM4003158T	16/05/2024	TRM TRP/ZFMENDOZA_INTERVIENE SENASA ALIMENTOS
24	GMCI	24-GMCI-000505		PROBELT S.R.L.	P-09-0017-24	24001SEDI074310P	04/03/2024	P-09-0017-24
24	GMCI	24-GMCI-000504	 	EFEPE S.A.	VALO V-240209	24001IC04082005X	30/05/2024	NYLON RINGS/ ARANDELAS DE NYLON
24	GMCI	24-GMCI-000503		PROBELT S.R.L.		24001TRM4001625Z	05/03/2024	TRM4 ZFLP
24	GMCI	24-GMCI-000501		CULTURAL LIBRERA AMERICANA S.A.	ARQUETIPO GRUPO EDITORIAL SA	24001SEDI061418U	20/02/2024	ARQUETIPO GRUPO EDITORIAL SA A 3015 CAMION URUGUAY
24	GMCI	24-GMCI-000500		PLANTIUM S.A.	TTO PLANTIUM	24073TRM4000447D	21/02/2024	TRM4 EZEIZA/ ZFVCONSTITUCION_61PCS_675KGS
24	GMCI	24-GMCI-000499		TONONI MAXIMILIANO JOSE	EDIC. UNIVERSIDAD SALAMANCA	24001IC04071073L	13/05/2024	EDICIONES  UNIVERSIDAD SALAMANCA + ASTURLIBROS+AVENTURAS LITERARIAS+LA MALETA
24	GMCI	24-GMCI-000498		PROBELT S.R.L.	MDI2024000000054	24001SEDI051757C	08/02/2024	SON 5 PALLET P-PO-0003-24/1
24	GMCI	24-GMCI-000497		BIG STARS SRL	24/00018 SI Cnee: BIG STARS SRL	24001TRM4001524Y	28/02/2024	TRM04 T4/ BINDER II 1x40HC CAIU76600883
24	GMCI	24-GMCI-000496		LIEX S.A.	LIEX-XM-GK-197	24008TRM4000057V	15/02/2024	Transito desde ZARATE A FIAMBALA CATAMARCA  Seràn 9/10 camiones segun su peso 262.800kgs
24	GMCI	24-GMCI-000495		CYPRES SA	Latinbooks International 2096 Pedido 1/24	24001IC05003471J	13/03/2024	Embarque terrestre - Latinbooks International SA A2096 Pedido 1/24 completo.
24	GMCI	24-GMCI-000494		PROBELT S.R.L.		24001SEDI021889F	15/01/2024	 
24	GMCI	24-GMCI-000493		EFEPE S.A.	VALO V-240106_REPUESTOS	24001IC04018149Z	30/01/2024	REPUESTOS PARA MATRICES MAQUINAS VARIAS
24	GMCI	24-GMCI-000492		LOCALES COMERCIALES SRL	OPCBA 29835_cnee/ LOCALES COMERCIALES SRL	24001TRM4000541M	22/01/2024	TRM EXOLGAN/ ZOFRACOR_1X40HC MEDUEM490417 
24	GMCI	24-GMCI-000491	 	CULTURAL LIBRERA AMERICANA S.A.	Arquetipo Grupo Editorial SA A 3014	24001IC05002772M	28/02/2024	Camiòn completo Arquetipo Grupo Editorial SA  A 3014 
23	GMCI	23-GMCI-000489		CULTURAL LIBRERA AMERICANA S.A.	Arquetipo Grupo Editorial SA A 3008	24001IC05005080H	15/04/2024	Arquetipo Grupo Editorial SA A 3008 pequeños lotes.
23	GMCI	23-GMCI-000488		ARTRANS SA	23/00120 AI_ARTRANS	23073TRM4005680G	22/12/2023	TRM EZEIZA/ PTM- 11016 MENDOZA
23	GMCI	23-GMCI-000487		PROBELT S.R.L.		24001SEDI125771A	23/04/2024	 
23	GMCI	23-GMCI-000486		OLIMPICO SRL	23/02026 SI_OLIMPICO SRL	23001TR04006012E	01/12/2023	TR04 LCL 5PKS 2500KGS GEMEZ BARRACAS A BINDER I-ROSARIO
23	GMCI	23-GMCI-000485		STARPLASTIC S.A.	OP29511	23001TRM4013563T	14/12/2023	TRM4 EXO/ CACEC_BL TPE23100033 TCLU4436114 1X40GP
23	GMCI	23-GMCI-000484		CULTURAL LIBRERA AMERICANA S.A.	JHP2023100407	24001IC04061734Y	25/04/2024	IGN: IF-2023-119091373-APN-DNSG#IGN SDU: if-2023-138498304-APN-DNRT#MEC SDU: if-2023-138826802-APN-DNRT#MEC
23	GMCI	23-GMCI-000482		LABORATORIOS PEYTE S.A.	23/02454 SI_LAB. PEYTE	23001TRM4013557W	14/12/2023	1x40ST IMO MSDU4029640 TRM ISTA BUE/CELIMEX-VENADO TUERTO
23	GMCI	23-GMCI-000481		GARRO FABRIL SA	23/02431 SI_GARRO FABRIL	23001TRM4013453R	06/12/2023	BL TXSV30943201 PARTE DE 1X20 PCIU1103174TTO TRM TRP/CELIMEX
23	GMCI	23-GMCI-000480		GARRO FABRIL SA	2302431 SI-A_GARRO FABRIL	23001TRM4013452Z	06/12/2023	BL TXSV30943200 1X20 PCIU1103174 TTO TRM TRP/CELIMEX
23	GMCI	23-GMCI-000479		CULTURAL LIBRERA AMERICANA S.A.	CI N.:322122029-1	24001IC04019401X	01/02/2024	Guangzhou New Color Printing CO.,LTD CI.: 322122029-1
23	GMCI	23-GMCI-000478		CULTURAL LIBRERA AMERICANA S.A.	323062193	24001IC04043323X	21/03/2024	 
23	GMCI	23-GMCI-000477	 	GRUMAQ SRL	23/02202 SI_GRUMAQ	23001TRM4012772U	15/11/2023	TRM ISTA T4/ BINDER-ROS 1X40HQ MRSU5211044 GRQ1087/1088 (SR175B) - GRQ1089/1090 (SR200B)
23	GMCI	23-GMCI-000476	 	GRUMAQ SRL	23/02203 SI_GRUMAQ	23001TRM4012769D	15/11/2023	TRM T4/BINDER-ROS 1x40 HC MRSU3459324 GRQ1087/1088 (SR175B) - GRQ1089/1090 (SR200B)
23	GMCI	23-GMCI-000475		GRUMAQ SRL	23/02188_GRUMAQ	23001TRM4012771T	15/11/2023	TRANSITO TRM4 T4/ BINDER ROSARIO 1X40HC_REF GRUMAQ GRQ1077/1060 (SR220B) GRQ1081/1082 (SR175B) MRKU5970367
23	GMCI	23-GMCI-000474		ROS MEDICAL S.A.	23/00652_ROS MEDICAL	23073TRM4005192E	06/11/2023	TRANSITO TRM EZEIZA/ ZFVCONSTITUCION 9 BULTOS CON PALETS DE MADERA
23	GMCI	23-GMCI-000472		EL PONY SA	23/02286 SI - EL PONY SA	23001TRM4011819V	27/10/2023	1x40HC ***IMO*** MSMU7180847_38 PALETS_TRANSITO TRM4 EZO/PORTAR-ROS 
23	GMCI	23-GMCI-000471		CULTURAL LIBRERA AMERICANA S.A.	Arquetipo Grupo Editorial S.A 3007	23001IC04180074M	25/10/2023	Arquetipo Grupo Editorial SA  3007  // Pro forma 013/23 Camiòn consolidado Tte. Rolando SA ROU1063/23. Ingreso 25/10/2023.
23	GMCI	23-GMCI-000469		ROGGIO LUIS S.A.	OP29171 - ROGGIO	23001TRM4011383R	17/10/2023	1 X 40HC MSDU8181076 TRM EXO/ZOFRACOR 11046
23	GMCI	23-GMCI-000468		STARLIGHT SA	OP2785 - STARLIGH SA	23001TRM4013255R	28/11/2023	TRM TRP/ TORTONE 1X40HC DFSU73259007 14 PALLETS DE MADERA
23	GMCI	23-GMCI-000467	 	LABORATORIOS PEYTE S.A.	23/02233 SI - LAB. PEYTE	23001TRM4011495V	19/10/2023	TTO TRM4 T4/CELIMEX - 1x40HC SEKU4597752
23	GMCI	23-GMCI-000463		EL PONY SA	23/02081 SI - EL PONY SA	23001TRM4009629E	13/09/2023	1X20 CXDU1400363 MSC AVNI LLEGO 28/08?
23	GMCI	23-GMCI-000460		COTAGRO COOPERATIVA AGROPECUARIA LI	OP29449 - COTAGRO	23001TRM4009245V	05/09/2023	1X40HC MRKU6067622 TRM4 Destino General Dehesa.
23	GMCI	23-GMCI-000459		CYPRES SA	SIRA 06	24001IC05001326G	29/01/2024	Latinbboks International SA A 2076 // Pedido 06/2023
23	GMCI	23-GMCI-000458		VALVTRONIC S.A	VALVTRONIC 23/00353 SI	23001TRM4009565D	12/09/2023	TRM ISTA EXO/ZONA FR MENDOZA 1X40HQ MSCU 7868151 1X40HQ MEDU 7230008 1X40HQ MSDU 6260073
23	GMCI	23-GMCI-000457		VALVTRONIC S.A	23/00302 SI  Valvtronic SA	23001TRM4009541U	12/09/2023	1X40HQ MSMU6496194 1X20     MSMU1542738  TRM ISTA EXO/ZF MENDOZA
23	GMCI	23-GMCI-000456		OLEOHIDRAULICA TECNICORD SA	OP.28884 - OLEOH. TECNICORD	23001TRM4009256A	05/09/2023	1X40HC TRANSITO ISTA DEST. ZOFRACOR (017-11046) CON EMB.MADERA
23	GMCI	23-GMCI-000455		EDICIONES LEA S.A.	JH-LEA20230804A	24001IC04027465R	19/02/2024	PRIMER EMBARQUE MARITIMO
23	GMCI	23-GMCI-000454		LABORATORIOS PEYTE S.A.	23/01988 SI LAB. PEYTE	23001TRM4009596H	13/09/2023	BL: ATZSE2307153 TRM IMO EXOLGAN/ CELIMEX BEAU4412554
23	GMCI	23-GMCI-000453		LABORATORIOS PEYTE S.A.	23/01989 SI - LAB. PEYTE	23001TRM4008590A	24/08/2023	BL: ATZSE2307191 TRM IMO TERM.4/CELIMEX
23	GMCI	23-GMCI-000452		PERTRAK S.A	28885 PERTRAK	23001TRM4008479G	23/08/2023	1X40HC TRM TRP/TORTONE 11004 - CORDOBA
23	GMCI	23-GMCI-000451		CUATRO ASES SA	OP.28847 CUATRO ASES SA	23001TRM4008477E	23/08/2023	1X40HC TRM ISTA TRP/TERRAMAR
23	GMCI	23-GMCI-000450		EL PONY SA	23/01977 SI	23001TR04003788V	18/08/2023	LCL TR04 TEFASA II/ PORTAR-ROSARIO ***IMO***
23	GMCI	23-GMCI-000449		MOJON UNO S.A.	29159 MOJON UNO	23001TRM4008242R	16/08/2023	TRM 1X40HC BUE/ MARE LOG 1100T
23	GMCI	23-GMCI-000448		PROBELT S.R.L.		23001SIRA338250H	08/08/2023	 
23	GMCI	23-GMCI-000446		EFEPE S.A.	VALO Q-LF-290-2023 MAQUINAS	23001SIRA336434J	07/08/2023	ESTAMPADORA DE TORNILLOS YH-1564 + LAMINADORA PARA HACER ROSCAS CTR6N-2
23	GMCI	23-GMCI-000444		EFEPE S.A.	VALO V-230708	23001IC04157710N	19/09/2023	RESPUESTOS MATRICERIA AÉREO
23	GMCI	23-GMCI-000440		ROS MEDICAL S.A.	23/00483 ROS MED HAWB: ZRH 00878975	23073TRM4003335B	01/08/2023	TRM4 EZE/ZFVCONSITUCION c/ SENASA EMB MADERAS
23	GMCI	23-GMCI-000438		CRUX MARINE SAS 	PALMARY/MAT.APLIC.INV.120	23073IC04073550V	20/07/2023	AFECTA PARCIAL 23001SIRA253762L i-230427 consolidada
23	GMCI	23-GMCI-000437		CRUX MARINE SAS 	ARROW - MAT.APLIC.INV. # 121	23073IC04093279X	05/09/2023	AFECTA PARCIAL 23001SIRA253762L i-230427 consolidada
23	GMCI	23-GMCI-000436		CRUX MARINE SAS 	GLOBALSAT/ MAT.APLIC.INV.118	23073IC04072400Y	18/07/2023	AFECTA PARCIAL 23001SIRA253762L i-230427 consolidada
23	GMCI	23-GMCI-000435		CRUX MARINE SAS 	PANELES/MAT.APLIC.INV.119	23073IC04075030Z	25/07/2023	AFECTA PARCIAL 23001SIRA253762L i-230427 consolidada
23	GMCI	23-GMCI-000430		CRUX MARINE SAS 	MOUSER/MAT.APLIC.INV.116	23073IC04070223P	12/07/2023	PARCIAL DE SIRA CONSOLIDADA
23	GMCI	23-GMCI-000429		CULTURAL LIBRERA AMERICANA S.A.	Arquetipo Grupo Editorial SA 3004	23001IC04180444N	25/10/2023	Arquetipo Grupo Editorial SA 3004Proforma 12-23  Camiòn Consolidado Tte. Rolando SA  Ingreso 25/10/2023 SDU
23	GMCI	23-GMCI-000428		CULTURAL LIBRERA AMERICANA S.A.	Proforma N11-23	23001IC05021058J	04/12/2023	Proforma 11-23 Junio 23
23	GMCI	23-GMCI-000424		CULTURAL LIBRERA AMERICANA S.A.	GUANGHOU NEW COLOR PRINTING CO	23001SIRA230646H	29/05/2023	1X20`CHINA
23	GMCI	23-GMCI-000423		CULTURAL LIBRERA AMERICANA S.A.	GUANGZHOU NEW COLOR PRINTING	23001IC04165941S	02/10/2023	GUANGZHOU NEW COLOR PRINTING CO.,LTD  CI N 322102118-4
23	GMCI	23-GMCI-000422		CYPRES SA	Pedido 18 Mayo 23 SIRA 05// LatinBooks A2062	23001IC05016722L	19/09/2023	Latinbooks International SA A2062
23	GMCI	23-GMCI-000421		CRUX MARINE SAS 	IRIDIUM TRANSCEIVERS	23001SIRA213545G	16/05/2023	 
23	GMCI	23-GMCI-000419		CRUX MARINE SAS 	PANELES CHICOS WSL	23001SIRA198205L	08/05/2023	 
23	GMCI	23-GMCI-000418		CULTURAL LIBRERA AMERICANA S.A.	NUTECH INV.EXP/025/23-24	23001IC04132503G	08/08/2023	Contenedor de Nuech 1x20 TRASLADO, DESCO, RETIRO DDE LO PRIMO II. PI-098/22-23
23	GMCI	23-GMCI-000417		CYPRES SA	Latinbooks International SA A 2161 // Pedido 3	23001IC05015179Z	23/08/2023	Latinbooks International SA A 2161 // Pedido 3
23	GMCI	23-GMCI-000416		PROEME		23001SIRA151877P	11/04/2023	pedido EXW EUROS  76.337,02 pedido recibido 27/03/2023 se baja FOB por bloqueo EUROS 29646,04
23	GMCI	23-GMCI-000415		CULTURAL LIBRERA AMERICANA S.A.	Arquetipo Grupo Editorial SA A 2049	23001IC05019622N	08/11/2023	Arquetipo Grupo Editoria SA A 2049 Sobre proforma 10.
23	GMCI	23-GMCI-000414		CULTURAL LIBRERA AMERICANA S.A.	Pro forma 9	23001SIRA136684Y	30/03/2023	 
23	GMCI	23-GMCI-000413		CYPRES SA	LATINBOOKS INV.2070	23001IC04167899J	04/10/2023	pedido 4 /2023_DICCIONARIOS_DESPACHA DE PISO TEFASA I
23	GMCI	23-GMCI-000412		CULTURAL LIBRERA AMERICANA S.A.	CENTRAL ARQUETIPO GRUPO EDITORIAL S.A. Pro Forma 8	23001IC05011833J	05/07/2023	Central Arquetipo Grupo Editorial S.A.   Pro forma 8 contenedor de 20`enviado desde SINGAPUR
23	GMCI	23-GMCI-000411		CRUX MARINE SAS 	DIGI-KEY INV. 95991522	23073IC04033151Y	05/04/2023	COMPRA TARJETA DE CREDITO RETENIDO MARZO 2023
23	GMCI	23-GMCI-000410		CRUX MARINE SAS 	DIGI-KEY 2023 CHICA	23001SIRA104486J	09/03/2023	 
23	GMCI	23-GMCI-000409		CRUX MARINE SAS 	DIGI-KEY 2023 GRANDE	23001SIRA104440W	09/03/2023	 
23	GMCI	23-GMCI-000408		CRUX MARINE SAS 	PCBWAY	23001SIRA101999P	08/03/2023	PANELES SOLARES Y STENCILS
23	GMCI	23-GMCI-000407		CRUX MARINE SAS 	GOLLEDGE	23001SIRA101986L	08/03/2023	 
23	GMCI	23-GMCI-000406		CRUX MARINE SAS 	AMPHENOL	23001SIRA104268H	09/03/2023	 
23	GMCI	23-GMCI-000405		EFEPE S.A.	VALO INV. V-230303	23001IC04053186P	03/04/2023	MATRICERIA PARA ESTAMPADORA DE TORNILLOS - PEDIDO VALO LF-745-2022
23	GMCI	23-GMCI-000404		CRUX MARINE SAS 	BANTEN ANTENA-II-2023 "GRANDE"	23001SIRA099556U	07/03/2023	 
23	GMCI	23-GMCI-000403		CRUX MARINE SAS 	PANELES-II-2023 "GRANDE"	23001SIRA104830C	10/03/2023	 
23	GMCI	23-GMCI-000402		CRUX MARINE SAS 	PALMARY-II-2023 "grande"	23001SIRA098702M	07/03/2023	ARTÍCULOS PARA LA FABRICACIÓN DE LINTERNAS
23	GMCI	23-GMCI-000401		CRUX MARINE SAS 	MOUSER II-2023 "grande"	23001SIRA098869D	07/03/2023	ARTÍCULOS PARA FABRICACION DE LINTERNAS
23	GMCI	23-GMCI-000400		DANES S.R.L.	MAEU223662245	23001TRM4002115K	01/03/2023	4x40HC RF NO OP TTO ISTA T4-BUE/ BINDER II (1100D)
23	GMCI	23-GMCI-000399		CRUX MARINE SAS 	MOUSER 2023	23073SIRA028067S	27/02/2023	 
23	GMCI	23-GMCI-000397		CRUX MARINE SAS 	PALMARY2023/MAT.AP.INV.111	23073IC04066392E	04/07/2023	ENVIO CHINA/ ARG VIA MATERIALES APLICADOS
23	GMCI	23-GMCI-000396		LAFFORT ARGENTINA S.A.	23/00035 SI	23001TRM4002650Y	16/03/2023	LAFFORT
23	GMCI	23-GMCI-000395		T6 INDUSTRIAL S A	1020049267	23073TRM4000597X	08/02/2023	23/00040
23	GMCI	23-GMCI-000394	 	SOLARGEN ULLUM SA	23/00050	23073TRM4000532U	03/02/2023	 
23	GMCI	23-GMCI-000393		CYPRES SA	LATIN - INV. A2053	23001IC05004589T	27/03/2023	Pedido feb - marzo
23	GMCI	23-GMCI-000392		CRUX MARINE SAS 	MAT. APLICADOS INV. 109	23001IC04051408K	30/03/2023	ANTENAS (BANTEN) 80UNID. AEREO DHL.
23	GMCI	23-GMCI-000391		CRUX MARINE SAS 	AIRMAR_MAT.APLICADOS INV. 123	23001IC04161518Y	25/09/2023	ESTACIONES METEOROLOGICAS
23	GMCI	23-GMCI-000390		CRUX MARINE SAS 	NORTEK_MAT.APLICADOS INV. 110	23001IC04163014H	27/09/2023	CORRENTOMETRO
23	GMCI	23-GMCI-000389		AGROCOSECHA S.A.	22/00574 HBL:5013472/2	23008TRM4000100J	19/01/2023	TRM ZARATE/PSECO 1X40HC FFAU2945056 COMPARTIDO CON i-230388
23	GMCI	23-GMCI-000388		AGROCOSECHA S.A.	22/00574 HBL:5013472	23008TRM4000099D	19/01/2023	TRM ZARATE/PSECO 1X40HC FFAU2945056 COMPARTIDO CON i-230389
23	GMCI	23-GMCI-000387		CRUX MARINE SAS 	MAT. APLICADOS INV. A108	23073IC04038834E	21/04/2023	PANELES WSL SOLAR
23	GMCI	23-GMCI-000386		LAFFORT ARGENTINA S.A.	22/00734	23001TRM4001691S	14/02/2023	 
23	GMCI	23-GMCI-000385		LAFFORT ARGENTINA S.A.	22/00719	23001TRM4000957W	25/01/2023	 
23	GMCI	23-GMCI-000384		EFEPE S.A.	NINGBO YISHENG_INV. 23YS0615	23001IC04208619S	07/12/2023	MÁQUINAS - LINEA PARA TRATAMIENTO DE ZINCADO DE TORNILLOS. 1X20+2X40HC
23	GMCI	23-GMCI-000383		LAFFORT ARGENTINA S.A.	22/00675 LAFFORT CONT. 5	23001TRM4000567T	16/01/2023	1X40HC BMOU5511561 TRM BUE/ZFMDZ CON SENASA INAL/ AFIDI
23	GMCI	23-GMCI-000382		A Z EDITORA S.A.	LYFTEN LLC. INV. LYF-JHP-20230101	23001IC04063742Y	20/04/2023	Pro forma 09/01/2023 - 2x40HC SHENZHEN JINHAO/ LYFTEN
23	GMCI	23-GMCI-000381		CULTURAL LIBRERA AMERICANA S.A.	ARQUETIPO A 2043	23001IC05004413F	21/03/2023	camion SIRA pedido recibido 02/01/2023
22	GMCI	22-GMCI-000380		TALLERES METALURGICOS BAMBI S A	22/02831 SI	22001TRM4013838A	29/12/2022	TRM ISTA TALLERES METALURGICOS BAMBI
22	GMCI	22-GMCI-000379		AGROCOSECHA S.A.	22/00571 (D) AGROCOSECHA	22008TRM4000813T	27/12/2022	TRM TTO ISTA ZARATE/ PUERTO SECO-MDZ, hbl:1528327D 1X40HC PARTE MSMU8570449
22	GMCI	22-GMCI-000378		AGROCOSECHA S.A.	22/00571 (C) AGROCOSECHA	22008TRM4000812S	27/12/2022	TRM TTO ISTA ZARATE/ PUERTO SECO-MDZ, hbl:1528327C 1X40HC PARTE MSMU8570449
22	GMCI	22-GMCI-000377		AGROCOSECHA S.A.	22/00571 (B) AGROCOSECHA	22008TRM4000811R	27/12/2022	TRM TTO ISTA ZARATE/ PUERTO SECO-MDZ, hbl:1528327B 1X40HC PARTE MSDU5392183
22	GMCI	22-GMCI-000376		AGROCOSECHA S.A.	22/00571 (A) AGROCOSECHA	22008TRM4000810Z	27/12/2022	TRM TTO ISTA ZARATE/ PUERTO SECO-MDZ, hbl:1528327A 1X40HC PARTE MSDU5392183
22	GMCI	22-GMCI-000375		AGROCOSECHA S.A.	22/00584 AGROCOSECHA	22008TRM4000809B	27/12/2022	TRM TTO ISTA ZARATE/ PUERTO SECO-MDZ, hbl:1081225 1X20 MEDU2150790
22	GMCI	22-GMCI-000374		ROS MEDICAL S.A.	22/00708	22073TRM4005911C	27/12/2022	 
22	GMCI	22-GMCI-000372		LAFFORT ARGENTINA S.A.	22/00648 - LAFFORT TRM	22001TRM4013827V	29/12/2022	EXOLGAN/ ZFMENDOZA, SENASA AFIDI+CERT.IMPORT. EN BUE
22	GMCI	22-GMCI-000371		ARAG ARGENTINA SA	22/00642	22073TRM4005765J	15/12/2022	 
22	GMCI	22-GMCI-000370		CALZADOS BLANCO S.A.	22/03096 SI	22001TRM4013108N	14/12/2022	 
22	GMCI	22-GMCI-000368		EFEPE S.A.	DAGAN SW-1252/1203/2022	23001SIRA010006Z	09/01/2023	PEDIDO SIN EFECTO/ REEMPLAZADO POR VALO. 23001SIRA010006Z SALIDA+ANULADA
22	GMCI	22-GMCI-000366		TONONI MAXIMILIANO JOSE	PANOPLIA DE LIBROS 22/1496	23001IC04207789C	07/12/2023	 
22	GMCI	22-GMCI-000365		CYPRES SA	LATINB INV. A2054 (0221107)	23001IC05005731J	12/04/2023	 
22	GMCI	22-GMCI-000364		LAFFORT ARGENTINA S.A.	22/00602	23001TRM4000488V	12/01/2023	MEDUBI946915
22	GMCI	22-GMCI-000363		PERTRAK S.A.	OPCBA 27518	22001TRM4013605P	26/12/2022	 
22	GMCI	22-GMCI-000362		R Y D SA	OP 27042	22001TRM4013296V	16/12/2022	 
22	GMCI	22-GMCI-000361		CULTURAL LIBRERA AMERICANA S.A.	NUTECH INV. EXP/187/22-23	23001IC04060344J	17/04/2023	PI-044/22-23-Nutech Print Services-India-1x20 TERMINAL 4
22	GMCI	22-GMCI-000360		LABORATORIOS PEYTE S.A.	22/03245 SI	22001TRM4011676V	09/11/2022	BL HDMUSHAZ05422000 - CAIU6662520
22	GMCI	22-GMCI-000359		LAFFORT ARGENTINA S.A.	22.00542 SI	22001TRM4011719T	09/11/2022	 
22	GMCI	22-GMCI-000358		LABORATORIOS PEYTE S.A.	22/03212 SI	22001TRM4011983W	15/11/2022	 
22	GMCI	22-GMCI-000357		LABORATORIOS PEYTE S.A.	22/03211 SI	22001TRM4012060J	16/11/2022	 
22	GMCI	22-GMCI-000356		LABORATORIOS PEYTE S.A.	Ref. 22/03210 SI -	22001TRM4011563Z	04/11/2022	MBL: HDMUSH
22	GMCI	22-GMCI-000355		CULTURAL LIBRERA AMERICANA S.A.	Arquetipo Grupo Editoria S.A. A 2028	23001IC05001997T	08/02/2023	Arquetipo profroma nº6
22	GMCI	22-GMCI-000354		CULTURAL LIBRERA AMERICANA S.A.	A 2035	22001IC05029324M	27/12/2022	22-GMCI-334 Y 340 Pedido unificado PRO FORMA Nº5
22	GMCI	22-GMCI-000353		LAFFORT ARGENTINA S.A.	22/00495 SI	22001TRM4011715P	09/11/2022	 
22	GMCI	22-GMCI-000352		LABORATORIOS PEYTE S.A.	22/03020 SI	22001TRM4010819T	18/10/2022	CARGA IMO CLASS 6.1  UN-2811 UN-3349
22	GMCI	22-GMCI-000351		3D ARGENTINA SA	22/01930	22001TRM4011177R	26/10/2022	 
22	GMCI	22-GMCI-000350		CULTURAL LIBRERA AMERICANA S.A.	ARQUETIPO GRUPO EDITORIAL S.A.	22001IC05023520E	26/09/2022	GMCI-565 ACK VMG
22	GMCI	22-GMCI-000349		CULTURAL LIBRERA AMERICANA S.A.	ARQUETIPO GRUPO EDITORIAL S,A. A 2028	22001IC05023513G	26/09/2022	 
22	GMCI	22-GMCI-000348		CYPRES SA	Pedido 1 prioritario	22001SIMI437304J	30/09/2022	 
22	GMCI	22-GMCI-000347		PROEME	pro forma	22001SIRA024560C	21/10/2022	pedido enviado completo el 26/09/2022
22	GMCI	22-GMCI-000346		CULTURAL LIBRERA AMERICANA S.A.	Nutech Print Services-India	22001IC04193244Y	08/09/2022	Antes 22-GMI-559 en ACK VG
22	GMCI	22-GMCI-000345		LAFFORT ARGENTINA S.A.	22/00417 SI	22001TRM4010667U	13/10/2022	 
22	GMCI	22-GMCI-000343		EFEPE S.A.	VALO INTERNATIONAL CO., LTD.	22001IC04241023D	14/11/2022	VALO SALES CONFIRM. LF-200-2022+PO.200-2022 MATRICES VALO 12/09/22
22	GMCI	22-GMCI-000342		CYPRES SA	Resto con pilas	23001IC05000490G	11/01/2023	 
22	GMCI	22-GMCI-000341		CYPRES SA	LATINBOOKS INTERNACIONAL S.A. A 2035	22001IC05028780R	19/12/2022	Pedido Septiembre
22	GMCI	22-GMCI-000340		CULTURAL LIBRERA AMERICANA S.A.		22001SIMI404319J	13/09/2022	 
22	GMCI	22-GMCI-000339		CULTURAL LIBRERA AMERICANA S.A.	A 2033	22001IC04258079W	12/12/2022	Pequeñas canctidades Proforma 12092022
22	GMCI	22-GMCI-000338		CRUX MARINE SAS 	DIGIKEY #92155561	23001SIRA104562E	09/03/2023	IMPO DIGIKEY/ ENGICORP PARCIAL DE ORDEN MAYO 2022 (i-220280)
22	GMCI	22-GMCI-000337		CRUX MARINE SAS 	DIGIKEY INV. 92137782	23073IC04033294W	05/04/2023	RETENIDO FEDEX SETIEMBRE 2023 - PAGO AL EXTERIOR CON TARJETA DE CREDITO
22	GMCI	22-GMCI-000336		YACMAN S S.A	22/00250 SI	22001TRM4009527A	14/09/2022	 
22	GMCI	22-GMCI-000335		GM CARGO SRL	TIE000002-7-22-OV / BL CB27948	22073RE04000105R	07/09/2022	TTO INT. GENOVA, IT-ARBUE-CHILE (MAWB 369-84071120) // LCL-BOXLINE TR04 LO PRIMO II/EZEIZA + RE04 EZEIZA/ AVION
22	GMCI	22-GMCI-000334	 	CULTURAL LIBRERA AMERICANA S.A.	PROFORMA 23082022	22001SIMI370144H	25/08/2022	 
22	GMCI	22-GMCI-000332		CASTEL GARDEN SA	OP 26652 CASTEL GARDEN SA	22001TRM4010152J	03/10/2022	3X40HC TRM BUE/ CORDOBA
22	GMCI	22-GMCI-000331	 	SERVIDIO PABLO ANTONIO	BRISTOL 148/22	23001IC04028903Y	22/02/2023	BRISTOL Envio terrestre Brasil
22	GMCI	22-GMCI-000330		SADE ELECTROMECANICA S.A.	NORTEK AQUADOPP x SADE	22001IC04227417Y	25/10/2022	 
22	GMCI	22-GMCI-000329	 	MARIANA LORENA GONZALEZ	Pedido ABBA, BIBLIES USA INC.	22001IC04257358V	07/12/2022	Consolidado USA 2022
22	GMCI	22-GMCI-000328		GAMISOL Y CIA. S.A	OPCBA26183 - GAMISOL hbl:C	22001TRM4008330Y	16/08/2022	1X40 PARTE UETU6001475 TRAM BUE/ CORDOBA
22	GMCI	22-GMCI-000327		GAMISOL Y CIA. S.A	OPCBA26183 - GAMISOL hbl:B	22001TRM4008329W	16/08/2022	1X40HC PARTE UETU6001475 TRM BUE/ CORDOBA
22	GMCI	22-GMCI-000326		GAMISOL Y CIA. S.A	OPCBA26183 GAMISOL-hbl: A	22001TRM4008328V	16/08/2022	1X40HC PARTE UETU6001475 TRM BUE/ CORDOBA
22	GMCI	22-GMCI-000325		GAMISOL Y CIA. S.A	OPCBA26182 GAMISOL-hbl:C	22001TRM4008320N	16/08/2022	1X40HC UETU5996328 PARTE TRM BUE/ CORDOBA
22	GMCI	22-GMCI-000324		GAMISOL Y CIA. S.A	OPCBA 26182 GAMISOL-hbl:B	22001TRM4008318U	16/08/2022	1X40HC PARTE 3HBLS TRM BUE/CORDOBA
22	GMCI	22-GMCI-000323		GAMISOL Y CIA. S.A	OPCBA 26182 GAMISOL-hbl: A	22001TRM4008314Z	16/08/2022	1X40HC PARTE UETU5996328 TRM BUE/CORDOBA
22	GMCI	22-GMCI-000322	 	EDUARDO PICCINI SRL	OPCBA 26823 cnee/ E.PICCINI	22001TRM4010264N	04/10/2022	1X20+1X40HC TRM BUE/CORDOBA
22	GMCI	22-GMCI-000321		ARSOLI S A	22/00237 SI ARSOLI SA	22001TRM4008599X	23/08/2022	1X40HC PARTE KOCU4321047 TRM BUE/ZFMENDOZA
22	GMCI	22-GMCI-000320		YACMAN S S.A	22/00237 YACMANs	22001TRM4008606U	23/08/2022	1X40HC PARTE KOCU4321047 TRM BUE/ZFMENDOZA
22	GMCI	22-GMCI-000319		AGROCOSECHA S.A.	22/00180 AGRO COSECHA hbl: 543	22001TRM4009620R	16/09/2022	1X40ST MSCU439318/1 PARTE TRM BUE/ MENDOZA
22	GMCI	22-GMCI-000318		AGROCOSECHA S.A.	22/00180 AGRO COSECHA hbl: 542	22001TRM4009617A	16/09/2022	1X40ST MSCU439318/1 PARTE TRM BUE/ MENDOZA
22	GMCI	22-GMCI-000317		LABORATORIOS PEYTE S.A.	PEYTE 3 BL MEDUQ7283474	22001TRM4008178B	12/08/2022	1X20 MSCU0133078 TRM BUE/ CELIMEX IMO
22	GMCI	22-GMCI-000316		LABORATORIOS PEYTE S.A.	BL (HMM) SHAZ59520900 PEYTE2	22001TRM4007668E	29/07/2022	PEYTE 2 - 1X40HC TRM BUE/CELIMEX IMO9
22	GMCI	22-GMCI-000315		LABORATORIOS PEYTE S.A.	BL (MAEU) 914306621 PEYTE1	22001TRM4007536V	27/07/2022	PEYTE 1 - 1X40 TRM BUE/ CELIMEX IMOx2+UNx3
22	GMCI	22-GMCI-000314		GM CARGO SRL	PERTILCO HLBU256033/3	22001TRM4007806V	03/08/2022	TRM 1X40HC EXOLGAN/ MERCEDES-UY x GUALEGUAYCHU
22	GMCI	22-GMCI-000313		SUMINISTROS S.A	OP2104	22001TRM4009680A	19/09/2022	 
22	GMCI	22-GMCI-000312		APRILON SOCIEDAD ANONIMA	22/00227 APRILON	22001TRM4009304Z	08/09/2022	1X40HC TGHU9729829 TRM BUE/ SAN LUIS
22	GMCI	22-GMCI-000311		CYPRES SA	LATINBOOK INTERNATIONAL S.A. A 2012	22001IC05021657N	05/09/2022	 
22	GMCI	22-GMCI-000310		OLEOHIDRAULICA TECNICORD SA	OP: 26233	22001TRM4007356V	25/07/2022	 
22	GMCI	22-GMCI-000309		CRUX MARINE SAS 	AIRMAR i-MARINE	22001IC04241118X	14/11/2022	ESTACIONES METEOROLÓGICAS
22	GMCI	22-GMCI-000307		CRUX MARINE SAS 	ENGICORP INV 0008-CRUX MARINE	22001IC04167798G	05/08/2022	ORDEN MOUSER (68865619) VÍA JAUSER US
22	GMCI	22-GMCI-000306		CRUX MARINE SAS 	MODULOS BLUETOOTH.	22073SIMI100247L	13/07/2022	 
22	GMCI	22-GMCI-000305		MARIANA LORENA GONZALEZ	HCCP 75426416 / Casa Creación 1-2798/Lucianos	22001IC04257718V	07/12/2022	 
22	GMCI	22-GMCI-000304		OLEOHIDRAULICA TECNICORD SA	OP: 26512 OLEOHID. TECNICORD	22001TRM4009115Z	06/09/2022	1X20 MSCU6326942 TRM BUE/ CORDOBA
22	GMCI	22-GMCI-000303		PLANTIUM S.A.	22/00306	22073TRM4003437D	11/07/2022	 
22	GMCI	22-GMCI-000302		OLEOHIDRAULICA TECNICORD SA	op 26362	22001TRM4007908B	05/08/2022	 
22	GMCI	22-GMCI-000301		SORIANO HNOS S.A.C.E.I.	OPCBA 26319 SORIANO HNOS	22001TRM4008619B	24/08/2022	3X40HC TRM BUE/CACEC-CORDOBA
22	GMCI	22-GMCI-000300		GAMISOL Y CIA. S.A	OPCBA26276	22001TRM4008584C	23/08/2022	1X40HC HMMU6259684 TRM BUE/ CACECA-CORDOBA
22	GMCI	22-GMCI-000299		OLEOHIDRAULICA TECNICORD SA	op 26251	22001TRM4007383V	25/07/2022	 
22	GMCI	22-GMCI-000298		PLANTIUM S.A.	TRAM PLANTIUM EZEIZA	22073TRM4003232T	29/06/2022	 
22	GMCI	22-GMCI-000297		BALSAMO S.A.	OP2412 BALSAMO	22001TRM4008096A	10/08/2022	1X40HC EITU9229033 TRM BUE/Z.F.CORDOBA
22	GMCI	22-GMCI-000296		PERTRAK S.A.	OPCBA 26304 PERTRAK SA	22001TRM4007907A	05/08/2022	TRANSITO ISTA 1X40HC BUE (TERM4)/ TORTONE (11004)
22	GMCI	22-GMCI-000295		LPA S.R.L.	22/01410 HBL:NBOBUE22060440A	22001TRM4007121L	19/07/2022	 
22	GMCI	22-GMCI-000294		MARIANO D. GUARDATTI	22/01410 HBL:NBOBUE22060440B	22001TRM4007112L	19/07/2022	 
22	GMCI	22-GMCI-000293		MARIANO D. GUARDATTI	22/01410 NBOBUE22060440C	22001TRM4007091R	19/07/2022	 
22	GMCI	22-GMCI-000292		ROGGIO LUIS S.A.	OP 26136	22001TRM4007459C	26/07/2022	 
22	GMCI	22-GMCI-000291		AGROCOSECHA S.A.	22/00215 SI AGROCOSECHA	22001TRM4008108R	11/08/2022	1x40HC MSMU7321565 TRM BUE/PUERTO SECO-MDZ
22	GMCI	22-GMCI-000290		LAFFORT ARGENTINA S.A.	22/00231 SI	22001TRM4007648C	29/07/2022	 
22	GMCI	22-GMCI-000289		CRUX MARINE SAS 	CRUX MAR-0007	22073IC04084785J	15/07/2022	SIMI PALMARY
22	GMCI	22-GMCI-000288		AGROCOSECHA S.A.	22/00214 AGROCOSECHA	22001TRM4009457C	13/09/2022	1X40HC CARU9474523 TRM BUE/ MENDOZA
22	GMCI	22-GMCI-000287		AUTOMATIZA S.A.	OP2390	22001TRM4006088W	23/06/2022	 
22	GMCI	22-GMCI-000286		CYPRES SA	Latinbooks 18/05	22001IC05016855R	11/07/2022	 
22	GMCI	22-GMCI-000285		CYPRES SA	Diccionarios	22001IC05016841M	11/07/2022	 
22	GMCI	22-GMCI-000284		PUERTOTRANS S.R.L.	INV: 969198889 969198890	22001TR04002581K	13/06/2022	22/00179 SI puertotrans
22	GMCI	22-GMCI-000283		GM CARGO SRL	A0208	22001TR04002988V	01/07/2022	LUNELLI BS AS - PY
22	GMCI	22-GMCI-000282		AUTOMATIZA S.A.	OP2348	22001TRM4005062N	31/05/2022	 
22	GMCI	22-GMCI-000281		CRUX MARINE SAS 	ENGICORP LLP 0006-CRUX MARINE	22001IC04130137G	16/06/2022	TUNGSTEN ATON TYPE
22	GMCI	22-GMCI-000280		CRUX MARINE SAS 	0001-CRUX MARINE A 0003 CRUX MARINE	22073IC04073621T	22/06/2022	DIGIKEY - ENGYCORP 05/05
22	GMCI	22-GMCI-000279	 	BALSAMO S.A.	OP2358	22001TRM4006318S	29/06/2022	 
22	GMCI	22-GMCI-000278	 	SARICO DISTRI S.A.	OPCBA 25846	22001TRM4005419T	08/06/2022	 
22	GMCI	22-GMCI-000277		AGROCOSECHA S.A.	22/00095 SI 3	22001TRM4004671S	19/05/2022	 
22	GMCI	22-GMCI-000276	 	AGROCOSECHA S.A.	22/00095 SI 2	22001TRM4004669C	19/05/2022	 
22	GMCI	22-GMCI-000275		AGROCOSECHA S.A.	22/00095 SI	22001TRM4004667A	19/05/2022	 
22	GMCI	22-GMCI-000274		COTAGRO COOPERATIVA AGROPECUARIA LI	OP 25893	22001TRM4003982W	28/04/2022	 
22	GMCI	22-GMCI-000273		AGROCOSECHA S.A.	22/00096 SI	22001TRM4004438T	12/05/2022	 
22	GMCI	22-GMCI-000272		OLEOHIDRAULICA TECNICORD SA	25294	22001TRM4004355R	10/05/2022	 
22	GMCI	22-GMCI-000270		PLANTIUM S.A.	22/00217	22073TRM4001721U	13/04/2022	369-8367-8173
22	GMCI	22-GMCI-000269		CRUX MARINE SAS 	0004-CRUX MARINE	22001IC04126004E	10/06/2022	PANELES - CHINA
22	GMCI	22-GMCI-000268		CRUX MARINE SAS 	0005--CRUX MARINE	22001IC04132214E	21/06/2022	ITALIA - ANTENAS
22	GMCI	22-GMCI-000267		PROEME		22001SIMI148105H	12/04/2022	 
22	GMCI	22-GMCI-000266		A Z EDITORA S.A.	LYFTEN  LLC  LYF-XY 20205047/48	22001IC04206913M	26/09/2022	 
22	GMCI	22-GMCI-000265		CYPRES SA	LATINBOOKS INTERNATIONAL A 1066	22001IC05010932H	09/05/2022	 
22	GMCI	22-GMCI-000264		CORRALON PUNILLA SA	OP2309	22001TRM4003328Z	11/04/2022	 
22	GMCI	22-GMCI-000263		GM CARGO SRL	HOLTUM - PARAGUAY	22008TRM4000147T	31/03/2022	 
22	GMCI	22-GMCI-000262		OLEOHIDRAULICA TECNICORD SA	OP: 25289	22001TRM4003979F	28/04/2022	 
22	GMCI	22-GMCI-000261		PERTRAK S.A.	OPCBA 25530	22001TRM4003984B	28/04/2022	 
22	GMCI	22-GMCI-000260		ROGGIO LUIS S.A.	OP 25329	22001TRM4004172Y	05/05/2022	 
22	GMCI	22-GMCI-000259		R Y D SA	OP 24999	22001TRM4003654S	20/04/2022	 
22	GMCI	22-GMCI-000258		TOLOZA ROQUE MANUEL Y SACCO SARA SU	OP 24566	22001TRM4003364Z	12/04/2022	 
22	GMCI	22-GMCI-000256		SARICO DISTRI S.A.	OPCBA 25211	22001TRM4003010E	31/03/2022	 
22	GMCI	22-GMCI-000255		CYPRES SA	A 1064	22001IC05007786U	05/04/2022	Pedido Febrero
22	GMCI	22-GMCI-000253	 	JEREZ MANTARAS HUGO MARCELINO	INSTITUTI MONSA EDICIONES SL/EDITORIAL PAIDOTRIBO SL	22001IC04161036X	28/07/2022	 
22	GMCI	22-GMCI-000252		APRILON SOCIEDAD ANONIMA	22/00010 SI	22001TRM4003615P	20/04/2022	 
22	GMCI	22-GMCI-000251		GUERRINI NEUMATICOS S.A.	OP. 2100619	22001TRM4001772R	25/02/2022	 
22	GMCI	22-GMCI-000250		CRUX MARINE SAS 	SRT MARINE SYSTEMS SOLUTIONS LTD CIN002950	22001IC04071345L	29/03/2022	Importacion a Consumo - Crux Marine - SRT Marine USD 6400
22	GMCI	22-GMCI-000249		LEDARGSA S.A.	CNP INVESTMENS LIMITED 05393 A 05404	22001IC04102283H	11/05/2022	 
22	GMCI	22-GMCI-000248		CIRCULO LATINO AUSTRAL S.A	CADIEX INTERNATIONAL S.A. A 1003	22001IC05006062G	16/03/2022	 
22	GMCI	22-GMCI-000247		PERTRAK S.A.	OP 25145	22001TRM4002257Z	10/03/2022	 
22	GMCI	22-GMCI-000246		INDUSTRIA PAPELERA CENTRAL S.A.	OPCBA 25319	22001TRM4001375Z	14/02/2022	 
22	GMCI	22-GMCI-000245		CORRALON PUNILLA SA	OP2306	22001TRM4002782T	28/03/2022	 
22	GMCI	22-GMCI-000244		CORRALON PUNILLA SA	OP 2286	22001TRM4001289U	10/02/2022	 
22	GMCI	22-GMCI-000012		GOMERIA ALTAMIRANO S.A.	OP 24708	22001TRM4001581P	21/02/2022	OP 24708
22	GMCI	22-GMCI-000011		GOMERIA ALTAMIRANO S.A.	OP 24389	22001TRM4001324K	11/02/2022	OP 24389
22	GMCI	22-GMCI-000010		GAMISOL Y CIA. S.A	OP 24423	22001TRM4000601H	19/01/2022	 
22	GMCI	22-GMCI-000009	 	VALBO S.A	OP 24661	22001TRM4001032G	02/02/2022	REPUESTOS PARA AUTOS
22	GMCI	22-GMCI-000008		BALSAMO S.A.	OP2244 BALSAMO HBL:A	22001TRM4001064L	03/02/2022	HBL: SZX21120791, COMPARTIDO CON i-220005
22	GMCI	22-GMCI-000007	 	BOSQUES DEL SUR S.A.	OP2213	22001TRM4002015X	04/03/2022	 
22	GMCI	22-GMCI-000006		CAP E HIJOS	OP2224	22001TRM4002095Z	07/03/2022	 
22	GMCI	22-GMCI-000005		BALSAMO S.A.	OP2244 BALSAMO HBL:B	22001TRM4001083M	03/02/2022	HBL: GZX21100129, COMPARTIDO CON i-220008
22	GMCI	22-GMCI-000004		APRILON SOCIEDAD ANONIMA	21.00613	22001TRM4000396S	13/01/2022	 
22	GMCI	22-GMCI-000002		GAMISOL Y CIA. S.A	OP: 24247	22001TRM4000565Z	19/01/2022	 
22	GMCI	22-GMCI-000001		GM CARGO SRL	Golden Trade S.R.L	22001TR04000180D	13/01/2022	 
21	GMCI	21-GMCI-000243		EFEPE S.A.	VALO #V-220106	22001IC04074830N	01/04/2022	IMPO LCL MARITIMA
21	GMCI	21-GMCI-000242		CYPRES SA	LATINBOOKS INTERNATIONAL S.A.	21001SIMI584518S	24/12/2021	CAMION ENERO 22
21	GMCI	21-GMCI-000241		R Y D SA	24268	22001TRM4000511H	18/01/2022	24268
21	GMCI	21-GMCI-000240		R Y D SA	24409	22001TRM4000446Y	17/01/2022	24409
21	GMCI	21-GMCI-000239		R Y D SA	24337	22001TRM4000142H	06/01/2022	24337
21	GMCI	21-GMCI-000238		EFEPE S.A.	DI-DC.2206-EFEPE	22001IC04209892V	30/09/2022	MAQUINAS PI 15/12/2021 USD86000
21	GMCI	21-GMCI-000237		BOSQUES DEL SUR S.A.	OP2201	22001TRM4000046K	03/01/2022	OP2201
21	GMCI	21-GMCI-000236		PAUNY SA	OP2235	22001TRM4001214X	08/02/2022	OP2235
21	GMCI	21-GMCI-000235		PERTRAK S.A.	OPCBA 24518	22001TRM4000853Z	26/01/2022	cnee/ PERTRAK SA_1X40HC TRM BUE/ TORTONE-CORDOBA
21	GMCI	21-GMCI-000234		PLANTIUM S.A.	21/00501	21073TRM4006491F	21/12/2021	235-23764856
21	GMCI	21-GMCI-000233		BOSQUES DEL SUR S.A.	OP2231	22001TRM4000437Y	14/01/2022	OP2231
21	GMCI	21-GMCI-000232		ROGGIO LUIS S.A.	23625	22001TRM4000040E	03/01/2022	23625
21	GMCI	21-GMCI-000231		R Y D SA	OP 23727	22001TRM4000072J	04/01/2022	OP 23727
21	GMCI	21-GMCI-000230		MULTICOR S.A.	OP 23985	21001TRM4009573A	30/12/2021	OP 23985
21	GMCI	21-GMCI-000229		ARO PLASTYC S.A.S	OPCBA 24519	22001TRM4000261J	10/01/2022	OPCBA 24519
21	GMCI	21-GMCI-000228		ARO PLASTYC S.A.S	OPCBA 24350	22001TRM4000059Y	04/01/2022	OPCBA 24350
21	GMCI	21-GMCI-000227		A Z EDITORA S.A.	PROFORMA SUZANO	22001IC05006741K	23/03/2022	DIC 2021
21	GMCI	21-GMCI-000226		MORO SRL	OP2177	21001TRM4009332Z	23/12/2021	OP2177
21	GMCI	21-GMCI-000222		SOUTHCROSS LOGISTICS S.A.	CMI006065	21001TRM4008467B	29/11/2021	 
21	GMCI	21-GMCI-000221		ROGGIO LUIS S.A.	OP 23206	21001TRM4008514R	30/11/2021	 
21	GMCI	21-GMCI-000220		OLEOHIDRAULICA TECNICORD SA	OP: 24383	21001TRM4009454V	28/12/2021	OP: 24383
21	GMCI	21-GMCI-000219		CYPRES SA	LATINBOOKS INTERNATIONAL A 1048	21001IC05029099U	15/12/2021	PEDIDO NOVIEMBRE
21	GMCI	21-GMCI-000218		NEOZOO S.A.	Ref: OP2175	22001TRM4000726P	21/01/2022	Ref: OP2175
21	GMCI	21-GMCI-000217		APRILON SOCIEDAD ANONIMA	21.00526	21001TRM4008802R	09/12/2021	REF. 21.00526
21	GMCI	21-GMCI-000216		FRIC ROT S A I C	21/01459 HBL: NBOBUE21080939C	21001TRM4008168W	15/11/2021	21/01459 HBL: NBOBUE21080939C
21	GMCI	21-GMCI-000215		FRIC ROT S A I C	21/01459 HBL: NBOBUE21080939B	21001TRM4008167V	15/11/2021	NBOBUE21080939B
21	GMCI	21-GMCI-000214		FRIC ROT S A I C	21/01459 HBL: NBOBUE210809	21001TRM4008166U	15/11/2021	Ref 21/01459 HBL: NBOBUE21080939A
21	GMCI	21-GMCI-000213		TEKNIX ARG SRL	OPCBA 24163	21001TRM4009423R	27/12/2021	OPCBA 24163
21	GMCI	21-GMCI-000212	 	INDUSTRIA PAPELERA CENTRAL S.A.	OPCBA 24328	21001TRM4008150N	15/11/2021	OPCBA 24328
21	GMCI	21-GMCI-000211		OLEOHIDRAULICA TECNICORD SA	OP: 23833	21001TRM4008443S	29/11/2021	 
21	GMCI	21-GMCI-000210		R Y D SA	OP 23518	21001TRM4008633T	03/12/2021	OP 23518
21	GMCI	21-GMCI-000209	 	BERTONE MAQUINARIAS AGRICOLAS S.A.	OPCBA 24143 HBL:QDSM21100010-B	21001TRM4009520P	29/12/2021	 
21	GMCI	21-GMCI-000208		BERTONE MAQUINARIAS AGRICOLAS S.A.	OPCBA 24143 HBL:QDSM21100010-A	21001TRM4009513R	29/12/2021	 
21	GMCI	21-GMCI-000207		BERTONE MAQUINARIAS AGRICOLAS S.A.	OPCBA 24142 HBL: QDSM21090223-B	21001TRM4009467C	28/12/2021	 
21	GMCI	21-GMCI-000206		MOJON UNO S.A.	OPCBA 24190	21001TRM4009040M	14/12/2021	 
21	GMCI	21-GMCI-000205		BERTONE MAQUINARIAS AGRICOLAS S.A.	OPCBA 24142 HBL:QDSM21090223-A	21001TRM4009465A	28/12/2021	 
21	GMCI	21-GMCI-000204		PROEME	OCTUBRE 2021	21001SIMI504746N	04/11/2021	 
21	GMCI	21-GMCI-000203		OLEOHIDRAULICA TECNICORD SA	OP 23851	21001TRM4008234Z	17/11/2021	 
21	GMCI	21-GMCI-000202		SUCESION DE CASTIÑEIRA MARIA YGNACI	OP 2153 B	21001TRM4008902S	10/12/2021	 
21	GMCI	21-GMCI-000201		SUCESION DE CASTIÑEIRA MARIA YGNACI	OP 2153 A	21001TRM4008859G	09/12/2021	 
21	GMCI	21-GMCI-000200		SUMINISTROS S.A	OP 2028	21001TRM4008624T	03/12/2021	 
21	GMCI	21-GMCI-000199		DE CORDOBA AL PAIS S.R.L.	OP 23868	21001TRM4008897X	10/12/2021	 
21	GMCI	21-GMCI-000198		DE CORDOBA AL PAIS S.R.L.	OP 2154	21001TRM4008497E	30/11/2021	 
21	GMCI	21-GMCI-000197		BALSAMO S.A.	OP 2160 BALSAMO	21001TRM4008927C	13/12/2021	 
21	GMCI	21-GMCI-000196		CYPRES SA	LATINBOOKS INTERNATIONAL SA A 1046	21001IC05026787V	24/11/2021	PEDIDO OCTUBRE
21	GMCI	21-GMCI-000195		ROGGIO LUIS S.A.	OP 23364	21001TRM4007828B	28/10/2021	 
21	GMCI	21-GMCI-000194		APRILON SOCIEDAD ANONIMA	21.00377	21001TRM4007616T	21/10/2021	 
21	GMCI	21-GMCI-000193		ACQUATRADE SUDAMERICANA SA	21.00543	21001TRM4008264T	19/11/2021	 
21	GMCI	21-GMCI-000192		CRUX MARINE SAS 	DIGI KAY #84338428	21001SIMI471506K	15/10/2021	 
21	GMCI	21-GMCI-000191		HOGAR ACTUAL SRL	OP 23558	21001TRM4007526T	19/10/2021	 
21	GMCI	21-GMCI-000190		VECA S.A	OP23115 SZSM21070202-C	21001TRM4007163Z	01/10/2021	 
21	GMCI	21-GMCI-000189		VECA S.A	OP232115 SZSM21070202-B	21001TRM4007162P	01/10/2021	 
21	GMCI	21-GMCI-000188		VECA S.A	OP23115 SZSM21070202-A	21001TRM4007155R	01/10/2021	 
21	GMCI	21-GMCI-000187		HANGAR 3 - POLO AERODEPORTIVO	OP: 23313	21001TRM4007123M	30/09/2021	 
21	GMCI	21-GMCI-000186		PLANTIUM S.A.	21/00328	21073TRM4005114T	30/09/2021	 
21	GMCI	21-GMCI-000185		GM CARGO SRL	Mather HAWB NO:00402	21073TRM4005011P	24/09/2021	 
21	GMCI	21-GMCI-000184		CRUX MARINE SAS 	95326  Paneles Solares	21001SIMI436385Z	24/09/2021	 
21	GMCI	21-GMCI-000183		DISTRIBUIDORA FEDMART S.R.L.	REF 33565 /TRAM // 724-20999996	21073TRM4004948K	22/09/2021	 
21	GMCI	21-GMCI-000182		CRONTAB S.A.	OP2149  HBL: WMWW100569/3286	21001TRM4007636V	22/10/2021	 
21	GMCI	21-GMCI-000181		BALSAMO S.A.	OP 2116  TPE3110005906	21001TRM4007871W	29/10/2021	 
21	GMCI	21-GMCI-000180		CYPRES SA	Latinbooks International a 1040	21001IC05022429K	29/09/2021	 
21	GMCI	21-GMCI-000179		A Z EDITORA S.A.	LYFTEN LLC	21001IC04241084J	07/12/2021	 
21	GMCI	21-GMCI-000178		BALSAMO S.A.	MC -OP2145 - IMPO CON ISTA A CBA	21001TRM4007868F	29/10/2021	 
21	GMCI	21-GMCI-000177		GM CARGO SRL	2001750075 GMCAR 001 HLCUSHA2104JFCV1	21001TRM4006715S	21/09/2021	 
21	GMCI	21-GMCI-000176		CELULOSA CANNING SA	ZODE MACH USD67500	22001IC04048000D	02/03/2022	IMPO SEPTIEMBTE 2021_MAR_1X40GP
21	GMCI	21-GMCI-000175		R Y D SA	OP 23373	21001TRM4007455U	15/10/2021	 
21	GMCI	21-GMCI-000174		SCORZA LUCAS SEBASTIAN	OP 23099	21001TRM4006518T	14/09/2021	 
21	GMCI	21-GMCI-000173		CORDOBA MOTOS S.R.L.	RE: OP2115	21001TRM4006757B	21/09/2021	 
21	GMCI	21-GMCI-000171		JIELI ARGENTINA S.A.	OPCBA 23253	21001TRM4007041L	28/09/2021	 
21	GMCI	21-GMCI-000170		SARICO DISTRI S.A.	OPCBA 22966	21001TRM4006788F	22/09/2021	14 PALLETS.
21	GMCI	21-GMCI-000169		GRANBEL S.A.	OPCBA 23372 /HBL:CKG21080024	21001TRM4008355U	23/11/2021	 
21	GMCI	21-GMCI-000168		GRANBEL S.A.	OPCBA 23372 /HBL:CKG21080022	21001TRM4008356V	23/11/2021	 
21	GMCI	21-GMCI-000167		GM CARGO SRL	INV: PY-108-2021.2	21073TRM4004563D	31/08/2021	TRANSITO DE EZE A PARAGUAY JAUSER - Q210741530 JAUSER_TRAM ISTA EZE/PARAGUAY (VACUNAS)
21	GMCI	21-GMCI-000166		MICROCOM ARGENTINA SA	Ref: 21/01473	21001TRM4006249U	06/09/2021	HBL: ASPTY100425 - Ref Cli: PA2105000501 - PA2104000501
21	GMCI	21-GMCI-000165		IBOX S.A.	Monitores	21001SIMI390435L	30/08/2021	 
21	GMCI	21-GMCI-000164		CRUX MARINE SAS 	Q210741228 CRUXMARINE_IMPO AER	21001IC04174231X	09/09/2021	 
21	GMCI	21-GMCI-000163		PERTRAK S.A.	OPCBA: 222947	21001TRM4005636T	06/08/2021	 
21	GMCI	21-GMCI-000162		OLEOHIDRAULICA TECNICORD SA	OP: 23209	21001TRM4007213M	04/10/2021	 
21	GMCI	21-GMCI-000161		PLANTIUM S.A.	REF: 21/00198	21073TRM4004041R	04/08/2021	Re: 369-81077964 // MIA/EZE/01
21	GMCI	21-GMCI-000160		PROEME	julio 221	21001SIMI341029G	30/07/2021	 
21	GMCI	21-GMCI-000159		GEOPLASTIC INDUSTRIES S.R.L	REF 21/01017	21001TRM4006134N	31/08/2021	 
21	GMCI	21-GMCI-000158		CYPRES SA	LATINBOOKS INTERNATIONAL SA A 1038	21001IC05018717P	18/08/2021	 
21	GMCI	21-GMCI-000157		BALSAMO S.A.	OP2100	21001TRM4006652S	20/09/2021	 
21	GMCI	21-GMCI-000156		R Y D SA	op22823	21001TRM4005854V	20/08/2021	 
21	GMCI	21-GMCI-000155		INDUSTRIA PAPELERA CENTRAL S.A.	INV: 91121820	21001TRM4005052L	16/07/2021	 
21	GMCI	21-GMCI-000154		PLANTIUM S.A.	INV: 20201228003	21073TRM4003624A	14/07/2021	ref: 21/00157 369-81078060 PLANTIUM TRAM
21	GMCI	21-GMCI-000153		MARIANA LORENA GONZALEZ		22001IC04003596Y	05/01/2022	 
21	GMCI	21-GMCI-000152		EFEPE S.A.	VALO INTERNATIONAL CO.,LTD #V-210702 unificado	21001IC04214145H	01/11/2021	 
21	GMCI	21-GMCI-000150		OLEOHIDRAULICA TECNICORD SA	OP: 22763	21001TRM4006172P	02/09/2021	 
21	GMCI	21-GMCI-000149		COTAGRO COOPERATIVA AGROPECUARIA LI	OP 23042	21001TRM4004825S	07/07/2021	 
21	GMCI	21-GMCI-000148		PLANTIUM S.A.	369-81077813 // MIA/EZ  ref: IA 4645	21073TRM4003176C	23/06/2021	 
21	GMCI	21-GMCI-000147		3D ARGENTINA SA	REF 31894	21001TRM4004736T	05/07/2021	 
21	GMCI	21-GMCI-000146		PLANTIUM S.A.	369-81077791 // MIA/EZE/009376/ IA 4626	21073TRM4003105R	16/06/2021	 
21	GMCI	21-GMCI-000145		BERTONE MAQUINARIAS AGRICOLAS S.A.	OPCBA 22331	21001TRM4004469W	24/06/2021	5X40 HQ
21	GMCI	21-GMCI-000144		PLANTIUM S.A.	IA 4614  369-81077743	21073TRM4002985J	09/06/2021	IA 4614  369-81077743
21	GMCI	21-GMCI-000143		PERTRAK S.A.	HBL: NBOBUE21042019 /OPCBA 22391	21001TRM4004040H	10/06/2021	 
21	GMCI	21-GMCI-000142		LABORATORIOS PEYTE S.A.	Q210539420  -  Codigo Cotizacion-	21001TR04001699S	14/06/2021	LCL / LCL
21	GMCI	21-GMCI-000141		AQUALEM DE LOS 4 HERMANOS S.A.	IM 32176-/INV#2021NBBT0148	21001TRM4004031H	10/06/2021	AQUALEM._TRM4 #1_DEL 2021// CTR : TRHU6984210 // ETA: 31/05 A EXO / BUQUE: BUENOS AIRES EXPRESS /BL: NBOBUE21040998 // DESTINO: PORTAR
21	GMCI	21-GMCI-000140		CYPRES SA	Latinbooks International A 1032	21001IC05013394L	14/06/2021	 
21	GMCI	21-GMCI-000139		FIGMAY S.R.L.	OPCBA_22072/ CI:BG2021-03-08	21001TRM4005734S	12/08/2021	ISTA_FIGMAY S.R.L._TRM4 #1_DEL 2021// CTR : CAIU2956569 // ETA: A  / BUQUE:  /BL:SHA21040531 // DESTINO: OP 22072
21	GMCI	21-GMCI-000138		CORDOBA MOTOS S.R.L.	MC_OP2034/INV#20HVP1130-4	21001TRM4004047Y	10/06/2021	ISTA-CORDOBA MOTOS SRL._TRM4 #2_DEL 2021// CTR : TGHU4866114 // ETA: 24/05 A EXOLGAN / BUQUE: SEASPAN FALCON/BL:177BZHZHS60436//DESTINO:MARECOMEX
21	GMCI	21-GMCI-000137		GM CARGO SRL	LCL CHINA/ BUE/ MONTEVIDEO / CI:MDDDSNEWX210324	21001TR04001488Y	20/05/2021	TR04  // LO PRIMO II // BUE-MONTEVIDEO // BL: SDSZSE21030146 // CI:MDDDSNEWX210324
21	GMCI	21-GMCI-000136		EGA SERVICIOS S.A.S.	OPCBA 22473INV#CIT202103042-001 /ISTA EGA	21001TRM4004449U	23/06/2021	EGA SERVICIOS S.A.S_TRM4 #1_DEL 2021 // CTR: CAIU4415938  //ETA 13/06  A T.4 //BL: ZIMUQIN4701809 // BUQUE: MAERSK LAGUNA // DESTINO:
21	GMCI	21-GMCI-000135		PLANTIUM S.A.	IA 4537/ INV#2000046346- ISTA PLANTIUM	21073TRM4002190U	04/05/2021	PLANTIUM _TRM4 #7_DEL 2021 // HAWB 2405//  ETA: 02/05 A TCA// 2 BULTOS - SENASA MADERA
21	GMCI	21-GMCI-000134		PLANTIUM S.A.	IA 4538 / INV#20201228002- ISTA PLANTIUM	21073TRM4002185B	04/05/2021	PLANTIUM _TRM4 #6_DEL 2021 // HAWB 008552 //  ETA: 02/05  A TCA// 48 BULTOS
21	GMCI	21-GMCI-000133		NUEVO CENTRAL ARGENTINO S.A.	IA 4545 /INV# 047059 / ISTA: NCA	21073TRM4002191V	04/05/2021	NUEVO CENTRAL ARGENTINO S.A _TRM4 #1_DEL 2021 // HAWB 008554 //  ETA: 02/05  A TCA// 1 BULTO - SENASA MADERA
21	GMCI	21-GMCI-000132		LABORATORIOS PEYTE S.A.	IM: 23078 / INV#2020SHMG1103/YJ2020020111	21001TRM4003150X	11/05/2021	PEYTE_TRM4 #1_DEL 2021 // CTRS: PCIU1319630-PCIU9037377-PCIU9185219 //ETA 03/05  A TRP //BL: VGSHABUE2103247// SEAMAX ROWAYTON // SENASA.
21	GMCI	21-GMCI-000131		PLANTIUM S.A.	IA 4495/ INV#20210310- ISTA PLANTIUM	21073TRM4002071S	27/04/2021	PLANTIUM _TRM4 #5_DEL 2021 // HAWB 008149 //  ETA: 25/04  A TCA// 39 BULTOS
21	GMCI	21-GMCI-000130		GM CARGO SRL	LCL CHINA/ BUE/ MONTEVIDEO / CI: MDDDSNEWX210204	21001TR04001164F	22/04/2021	TR04  // LO PRIMO II // BUE-MONTEVIDEO // BL: SDSZSE20120212 // CI:MDDDSNEWX210204
21	GMCI	21-GMCI-000129		BOSQUES DEL SUR S.A.	MC_OP1997/INV#LB02021000000667	21001TRM4002540K	15/04/2021	ISTA_BOSQUES DEL SUR S.A_TRM4 #1_DEL 2021// CTR : CARU2741870 // ETA: 13/04 A EXOLGAN / BUQUE: MSC ARICA /BL: THBL23991 // DESTINO: ZOFRACOR 11046- SENASA MADERA
21	GMCI	21-GMCI-000128		AFIP	PARTICULAR	21001PI04000917U	29/03/2021	PARTICULAR_DHL_MAC
21	GMCI	21-GMCI-000127		PLANTIUM S.A.	IA4489 / INV#24022021- ISTA PLANTIUM	21073TRM4001826C	13/04/2021	PLANTIUM _TRM4 #4_DEL 2021 // HAWB 007818 //  ETA: 11/04  A TCA// 38 BULTOS
21	GMCI	21-GMCI-000126		PLANTIUM S.A.	IA4488/ INV#0103202101- ISTA PLANTIUM	21073TRM4001823W	13/04/2021	PLANTIUM _TRM4 #3_DEL 2021 // HAWB 007817 //  ETA: 11/04  A TCA// 88 BULTOS
21	GMCI	21-GMCI-000125		PERTRAK S.A.	OPCBA_22016/ INV#PO000074 - ISTA PERTRAK	21001TRM4002765T	23/04/2021	PERTRAK_TRM4 #2_DEL 2021 // CTR :TEMU7077798  //ETA: 19/04 A BACTSSA  // BUQUE: SWITZERLAND // BL:NBSM21020189//  DESTINO: TORTONE 11004
21	GMCI	21-GMCI-000124		PLANTIUM S.A.	IA 4487/ INV#0103202102- ISTA PLANTIUM	21073TRM4001821U	13/04/2021	PLANTIUM _TRM4 #2_DEL 2021 // HAWB 007816 //  ETA: 11/04  A TCA// 44 BULTOS
21	GMCI	21-GMCI-000123		OLEOHIDRAULICA TECNICORD SA	OPCBA21920_/INV#2100558	21001TRM4002544Y	15/04/2021	ISTA_O.TECNICORD S.A._TRM4 #1_DEL 2021// CTR : MEDU1226660 - TGHU0451716 // ETA: 13/04 A EXOLGAN / BUQUE: MSC ARICA /BL: 1077239 // DESTINO: ZOFRACOR-11046
21	GMCI	21-GMCI-000121		EFEPE S.A.	VALO INTERNATIONAL CO., LTD. V-210702	21001IC04066174Y	06/04/2021	PEDIDO VALO _MARZO 2021
21	GMCI	21-GMCI-000120		GEOPLASTIC INDUSTRIES S.R.L	IM-22280/INV#20YMY039	21001TRM4001459S	02/03/2021	ISTA-GEOPLASTIC._TRM4 #2_DEL 2021// CTR : CCLU4995040 // ETA: 23/02 A BACTSSA / BUQUE: EVER LAUREL  /BL: COSU6287624640A // DESTINO: BINDER II
21	GMCI	21-GMCI-000119		CIMINIERI KARINA FABIANA 	kingnod PI: KND21020	21001SIMI148125X	07/04/2021	 
21	GMCI	21-GMCI-000118		CYPRES SA	LATINBOOKS INTERNATIONAL A 1030	21001IC05010354E	10/05/2021	Pedido Marzo Camion
21	GMCI	21-GMCI-000117		GEOPLASTIC INDUSTRIES S.R.L	IM-22251/INV#ONPLAS202012151	21001TRM4001231G	23/02/2021	ISTA-GEOPLASTIC._TRM4 #1_DEL 2021// CTR : EITU1112950 // ETA: 18/02 A BACTSSA / BUQUE: EVER LEADING  /BL: SHA20121381  // DESTINO: BINDER II
21	GMCI	21-GMCI-000116		CYPRES SA	LATINBOOKS INTERNATIONAL SA A 1027	21001IC05007573N	06/04/2021	Pedido Febrero
21	GMCI	21-GMCI-000115		MOLDEAR PILETAS Y PREMOLDEADOS S.A.	OPCBA_21708 / INV#2020-23386 / ISTA	21001TRM4001674R	15/03/2021	ISTA- MOLDEAR PILETAS Y PREMOLDEADOS S.A.._TRM4 #1_DEL 2021// CTR : CAIU6297768 - FFAU1002628 - SEGU6800709 // ETA: 09/03 A BACTSSA / BUQUE: EVER LIFTING  /BL: NBSM21010790 // DESTINO:CACEC COD. 1100L - SENASA MADERA
21	GMCI	21-GMCI-000114		GM CARGO SRL	E-SERVICES_#0Y06002000010P-T1	21073TRM4000789J	18/02/2021	TRM4 Nº 1-2021=  DE EZEIZA / ASUNCION PY (POR CLORINDA)_ / 22 BULTOS/ HAWB : CPAE21010106
21	GMCI	21-GMCI-000113		HECTOR CODINI S.A.	OPCBA_21641//INV#DN20100288B DN20100289B	21001TRM4001895W	22/03/2021	ISTA- CODINI._TRM4 #1_DEL 2021// CTR : CSNU1191072 // ETA: 16/03 A BACTSSA / BUQUE: COSCO SHIPPING THAMES  /BL: SZX21010790 // DESTINO: MARECOMEX
21	GMCI	21-GMCI-000112		CORDOBA MOTOS S.R.L.	MC_OP1998/INV#20HVP1130-2	21001TRM4001939V	22/03/2021	ISTA-CORDOBA MOTOS SRL._TRM4 #1_DEL 2020// CTR : DFSU4344902 // ETA: 16/03 A BACTSSA / BUQUE: COSCO SHIPPING THAMES  /BL: COSU6289967510 // DESTINO:MARECOMEX
21	GMCI	21-GMCI-000111		PROEME	PROEME_PEDIDO_MARZO_2O21	21001SIMI151105A	08/04/2021	PROEME_PEDIDO_MARZO_2O21
21	GMCI	21-GMCI-000110		PLANTIUM S.A.	IA: 4421 / INV#20201228001- ISTA PLANTIUM	21073TRM4001133Z	10/03/2021	PLANTIUM _TRM4 #1_DEL 2021 // HAWB 007441 //  ETA: 07/03  A TCA// 48 BULTOS
21	GMCI	21-GMCI-000109		SUCESION DE PICCINI EDUARDO ERNESTO	OPCBA_21361 / INV#20AMP0332	21001TRM4001452L	02/03/2021	ISTA- PICCINI._TRM4 #1_DEL 2021// CTR : IMTU1063530 // ETA: 23/02 A BACTSSA / BUQUE: EVER LAUREL  /BL: TAO0520120152 // DESTINO: DEPOSITO FISCAL CORDOBA
21	GMCI	21-GMCI-000108		RODADOS MEDITERRANEA S.A.	OPCBA_21416/INV#14981244/ISTA	21001TRM4001465P	02/03/2021	RODADOS MEDITERRANEA_TRM4 #1_DEL 2021 // CTR: TEMU5059898 //ETA 28/02 A EXOLGAN //BL:2481-00-194-01/ BUQUE:MSC MICHELA //DESTINO: TORTONE
21	GMCI	21-GMCI-000107		ARO PLASTYC S.A.S	OPCBA_21337/ INV# H2VALOS20184-1/184-2- ARO PLASTYC S.A.S	21001TRM4001237M	23/02/2021	ARO PLASTYC S.A.S_TRM4 #1_DEL 2021 // CTR : FFAU3504332-FFAU3504348-FFAU3515790-FFAU3515928  //ETA: 18/02 A EXOLGAN  // BUQUE: SEASPAN FALCON// BL:NBOBUE20121224//  DESTINO: ZOFRACOR 11046-//4 CTRS
21	GMCI	21-GMCI-000106		PERTRAK S.A.	OPCBA_21546/ INV#PO000044 - ISTA PERTRAK	21001TRM4001621J	11/03/2021	PERTRAK_TRM4 #1_DEL 2021 // CTR :HLBU1908830  //ETA: 09/03 A EXOLGAN  // BUQUE: TORRENTE// BL:NBOBUE20121109//  DESTINO: TORTONE
21	GMCI	21-GMCI-000105		ELIAN RUBEN AMUCHASTEGUI	OPCBA_21065/INV#200908QE2/ISTA	21001TRM4000295P	18/01/2021	AMUCHASTEGI_TRM4 #3_DEL 2021 // CTR: MEDU7424810 //ETA 13/01 A EXOLGAN //BL:QT20GF0210018B/ BUQUE:PARANAGUA EXPRESS// CONTENEDOR PARTE-/DESTINO:DEP FISCAL CORDOBA COD 1100P
21	GMCI	21-GMCI-000104		ELIAN RUBEN AMUCHASTEGUI	OPCBA_21065/INV#206117/ISTA	21001TRM4000293N	18/01/2021	AMUCHASTEGI_TRM4 #2_DEL 2021 // CTR: MEDU7424810 //ETA 13/01 A EXOLGAN //BL:QT20GF0210018A/ BUQUE:PARANAGUA EXPRESS// CONTENEDOR PARTE-/DESTINO:DEP FISCAL CORDOBA COD 1100P
21	GMCI	21-GMCI-000103		ELIAN RUBEN AMUCHASTEGUI	OPCBA_21065/INV#206116/ISTA	21001TRM4000292M	18/01/2021	AMUCHASTEGI_TRM4 #1_DEL 2021 // CTR: MEDU7424810 //ETA 13/01  A EXOLGAN //BL:QT20GF0210018// BUQUE:PARANAGUA EXPRESS// CONTENEDOR PARTE- /DESTINO:DEP FISCAL CORDOBA COD 1100P
21	GMCI	21-GMCI-000102		MULTI HOUSING LAUNDRY S.A.	INV# I-355855	21001IC04096955B	21/05/2021	SECADORAS DOBLES
20	GMCI	20-GMCI-000101		MULTI HOUSING LAUNDRY S.A.	INV# I-355856	21001IC04096945A	21/05/2021	32 LAVADORAS #3
20	GMCI	20-GMCI-000100		MULTI HOUSING LAUNDRY S.A.	INV#  I-355854	21001IC04096927A	21/05/2021	22 LAVADORAS #2 
20	GMCI	20-GMCI-000099		BALSAMO S.A.	MC_OP1941/INV#BSA-200310	21001TRM4000480L	22/01/2021	ISTA-BALSAMO S.A._TRM4 #1_DEL 2020// CTR : UESU4611372-CMAU5630780  // ETA: 20/01 A TRP / BUQUE: NORDAMELIA /BL: TPE3110005081 // DESTINO: ZOFRACOR-11046
20	GMCI	20-GMCI-000098		GM CARGO SRL	TR04_REEMB_CHILE_INV#122866-216-I-1	21001TR04000110S	13/01/2021	TR04//REEMBARCO_ DESTINO FINAL CHILE_  BL DE IMPORTACIÓN: SDNBSE20110464 //ETD:  _HAWB DE EXPORTACIÓN:
20	GMCI	20-GMCI-000097		BALSAMO S.A.	MC_OP1935/ INV#2010BA01-146276	21001TRM4001223H	23/02/2021	ISTA-BALSAMO S.A._TRM4 #2_DEL 2020// CTR : APZU4362115 // ETA: 18/02 A BACTSSA / BUQUE: EVER LEADING  /BL: TPE3110005113 // DESTINO: ZOFRACOR-11046
20	GMCI	20-GMCI-000096		CYPRES SA	Latinbooks International S.A. A 1020	21001IC05001741E	25/01/2021	Camion Enero
20	GMCI	20-GMCI-000095		MULTI HOUSING LAUNDRY S.A.	INV#I-355853	21001IC04096910P	21/05/2021	22 LAVADORAS #1
20	GMCI	20-GMCI-000094		BARNABA Y CIA SRL	IM-21460 // INV#IBGS-200911	20001TRM4005794A	11/12/2020	ISTA-BERNABA Y CIA SRL_TRM4 #1_DEL 2020/ CTR:CAIU2577380 /ETA: 05/12 A BACTSSA/BUQUE CMA CGM CARL ANTOINE /BL: TAO0620090083// DESTINO:SERV-PORTUARIOS
20	GMCI	20-GMCI-000093		LCI ILUMINACION S.R.L.	MC_OP/INV#RD20200731-161 & 162	21001TRM4000484P	22/01/2021	ISTA-LCI ILUMINACION SRL_TRM4 #2_DEL 2020/CTR :DFSU1808640-IPXU3668729/ETA: 19/01 A EXOLGAN/BUQUE: SEASPAN HARRIER /BL: ONEYTAOVW3290300 / IMO-2-CTRS/ DESTINO TORTONE
20	GMCI	20-GMCI-000092		ROGGIO LUIS S.A.	OPCBA_20489/ INV·#TQ20-017	20001TRM4006061L	21/12/2020	ROGGIO LUIS S.A _TRM4 #2_DEL 2020 // CTR: CNIU2169241//ETA: 18/12 A TRP/ /BL:TAO0620100126 // BUQUE: CAP SAN AGUSTIN// DESTINO: ZOFRACOR-11046
20	GMCI	20-GMCI-000091		PERTRAK S.A.	OPCBA_20727/ INV#RW20039	20001TRM4005711M	10/12/2020	PERTRACK_TRM4 #4_DEL 2020 // CTR :TCNU6873830  //ETA: 05/12 A BACTSSA  // BUQUE: CMA CGM CARL ANTOINE// BL:NBOBUE20100267//  DESTINO: TORTONE
20	GMCI	20-GMCI-000090		MOCONA SRL	OPCBA_20787/ INV#TM20WCSAAF741	20001TRM4005739W	10/12/2020	ISTA-MOCONA_TRM4 #2_DEL 2020// CTR : FCIU5120483 // ETA: 05/12 A BACTSSA // BUQUE:CMA CGM CARL ANTOINE  //BL: SHA20091413// DESTINO: TORTONE
20	GMCI	20-GMCI-000089		PERTRAK S.A.	OPCBA_20728/ INV#SEWEI2009016	20001TRM4005706Z	10/12/2020	PERTRACK_TRM4 #3_DEL 2020 // CTR :CSNU1789001   //ETA: 05/12 A BACTSSA  // BUQUE: CMA CGM CARL ANTOINE// BL:NBOBUE20100209//  DESTINO: TORTONE // SENASA MADERA
20	GMCI	20-GMCI-000088		IBOX S.A.	INV#77871457	21001IC04019188R	27/01/2021	DIGI-KEY_#1_2020_2 BULTOS _EN DHL MATADEROS
20	GMCI	20-GMCI-000087		PLANTIUM S.A.	INV#E20200927002/ISTA PLANTIUM	20073TRM4004366D	25/11/2020	PLANTIUM _TRM4 #7_DEL 2020 // HAWB: 004350  // ETA 21/11  A TCA // 1 BULTOS - SENASA MADERA //IA4234
20	GMCI	20-GMCI-000086		LCI ILUMINACION S.R.L.	MC_OP1895/RD20200727-156	20001TRM4006266S	30/12/2020	ISTA-LCI ILUMINACION SRL_TRM4 #1_DEL 2020// CTR : MEDU6954349  // ETA: 28/12 A EXOLGAN / BUQUE MSC AVNI:  /BL: MEDUQ3910047 // DESTINO: TORTONE // CARGA IMO
20	GMCI	20-GMCI-000085		CYPRES SA	LATINBOOKS INTERNATIONAL S.A. A 1017	20001IC05023413D	02/12/2020	Camion Noviembre
20	GMCI	20-GMCI-000084		PLANTIUM S.A.	INV#2000038765/ISTA PLANTIUM	20073TRM4004013P	03/11/2020	PLANTIUM _TRM4 #6_DEL 2020 // HAWB: 1897  // ETA 01/11  A TCA // 2 BULTOS - SENASA MADERA
20	GMCI	20-GMCI-000083		OLEOHIDRAULICA TECNICORD SA	OPCBA_20698/ INV#0072581300	20001TRM4005136N	17/11/2020	ISTA-TECNICOR_TRM4 #1_DEL 2020// CTR : TLLU4897048  // ETA 13/11 A TRP  // BUQUE: CAP SAN ARTEMISSIO  //BL: 2480-02150-10// DESTINO:ZOFRACOR_11046 //SENASA MADERA
20	GMCI	20-GMCI-000082		EFEPE S.A.	VALO INT.CO, LTD V-201010	20073PART009050Y	03/11/2020	IMPORT. INGRESO BAJO DECL. SIMPLIFICADA COURIER.
20	GMCI	20-GMCI-000081		MARIANA LORENA GONZALEZ	HARPER COLLINS/ LUCIANOS BOOKS	20001IC04212165G	14/12/2020	LIBROS_Harper Collins64748875 65001474 65211223 / Lucianos´s Books #00111080
20	GMCI	20-GMCI-000080		PROEME	PROEME_PEDIDO_OCTUBRE_2O2O	20001SIMI389846B	05/11/2020	 
20	GMCI	20-GMCI-000079		R Y D SA	OPCBA_20607_INV#FPI-2010964	20001TRM4005551Y	02/12/2020	R Y D S.A _TRM4 #1_DEL 2020 // CTR: MSKU6760520 //ETA: 30/11 A T.4 //BL: EURO201000002301// BUQUE: MAERSK LIMA // DESTINO: ZOFRACOR-11046 
20	GMCI	20-GMCI-000078		PLANTIUM S.A.	INV#20200902/ISTA PLANTIUM	20073TRM4003753C	19/10/2020	PLANTIUM _TRM4 #5_DEL 2020 // HAWB: 369-7982-3251 // ETA 15/10  A TCA // 3 BULTOS
20	GMCI	20-GMCI-000077		MOCONA SRL	OPCBA_20536/ INV#TM20WCSAF742	20001TRM4005146Y	17/11/2020	ISTA-MOCONA_TRM4 #1_DEL 2020// CTR : MRKU7083335 // ETA 13/11 A TRP  // BUQUE: CAP SAN ARTEMISSIO  //BL: SZX20090290// DESTINO:TORTONE
20	GMCI	20-GMCI-000076		HECTOR CODINI S.A.	INV# VWYP04200911  /OPCBA_20415	20001TRM4004771R	02/11/2020	CODINI _TRM4 #3_DEL 2020 // CTR: BEAU4723978//ETA 31/10  A EXOLGAN//BL: GUZ20090094// BUQUE: MSC GAYANE // DESTINO MARECOMEX
20	GMCI	20-GMCI-000075		OLEOHIDRAULICA TECNICORD SA	OPCBA_20424_INV#JFL20200627/OPCBA	20001TRM4005432M	30/11/2020	ISTA-TECNICOR_TRM4 #2_DEL 2020// CTR : KKTU8224381  // ETA 25/11 A EXOLGAN // BUQUE: KOTA PEMIMPIN //BL:QDSM20080354CC// DESTINO:ZOFRACOR_11046
20	GMCI	20-GMCI-000072		HECTOR CODINI S.A.	OPCBA_20307_INV#YF20200624	20001TRM4004618R	26/10/2020	CODINI _TRM4 #2_DEL 2020 // CTR: SEGU5961864//ETA 21/10  A EXOLGAN//BL: SZSM20080336PC// BUQUE: MSC DESIREE// DESTINO ZOFRACOR 11046
20	GMCI	20-GMCI-000069		CYPRES SA	CAMION SEPTIEMBRE	20001IC05019356Y	19/10/2020	Animaladas 4901 comun  Col. Movilibros pilas X Canciones del jadin pilas  X    
20	GMCI	20-GMCI-000068		PERTRAK S.A.	INV#RW20019_ISTA_OPCBA_20357	20001TRM4004191N	05/10/2020	PERTRACK_TRM4 #2_DEL 2020 // CTR : HLBU3184523  //ETA 03/10 A EXO // BUQUE: SEASPAN OSPREY// BL: NBSM20080386// PALLETS MADERA_ DESTINO FISCAL TORTONE
20	GMCI	20-GMCI-000067		LABORATORIOS PEYTE S.A.	INV#NK384CL202007W-01/ISTA	20001TRM4004029N	25/09/2020	PEYTE_TRM4 #11_DEL 2020 // CTR: ECMU9773760 //ETA 23/09  A BACTSSA// BL: WSHA0882332A// BUQUE:EVER LIBRA // IMO // CONTENEDOR PARTE- INSUAGRO
20	GMCI	20-GMCI-000066		GRIBAUDO CARLOS DANIEL	OPCBA_20222/ INV#PT200708	20001TRM4004275Z	09/10/2020	ISTA-GRIBAUDO_TRM4 #1_DEL 2020// CTR : TCKU7230080  // ETA 21/09 A APM  // BUQUE: MAERSK LIRQUEN  //BL: NBOBUE20081246 // DESTINO FISCAL_ZONA FRANCA_COD 88101
20	GMCI	20-GMCI-000064		COTAGRO COOPERATIVA AGROPECUARIA LI	OPCBA_20523# EPL/LTM/027/20-21	20001TRM4003730L	14/09/2020	ISTA-COTAGRO_TRM4 #2_DEL 2020// CTR : TCLU8691484  // ETA 11/09 A TRP // BUQUE:  CAP SAN SAN ANTONIO  //BL: ENA0121118 // SENASA MADERA.
20	GMCI	20-GMCI-000063		GM CARGO SRL	WPC_DECK	21001IC04017713J	26/01/2021	WPC_DECK_SIMI_01
20	GMCI	20-GMCI-000061		PLANTIUM S.A.	INV#20200816001/ISTA PLANTIUM	20073TRM4002894H	01/09/2020	PLANTIUM _TRM4 #4_DEL 2020 // HAWB ASGA2008074 //  ETA 29/08  A TCA// 15 BULTOS
20	GMCI	20-GMCI-000060		PLANTIUM S.A.	INV#20200819/ISTA PLANTIUM	20073TRM4002893G	01/09/2020	PLANTIUM _TRM4 #3_DEL 2020 // HAWB ASGA2008084 //  ETA 29/08  A TCA// 58 BULTOS
20	GMCI	20-GMCI-000059		JBS RENTAL S.A.	INV#	20001SIMI286922P	07/09/2020	SINOLIFT
20	GMCI	20-GMCI-000058		LABORATORIOS PEYTE S.A.	INV#20200718W05/ISTA PEYTE	20001TRM4003556R	02/09/2020	PEYTE_TRM4 #10_DEL 2020 // CTR:BEAU2501924 /ETA 28/08  A BACTSSA//BL: YMLUB236071329/ BUQUE:NORTHERN JUSTICE // SENASA MADERA // IMO
20	GMCI	20-GMCI-000057		EFEPE S.A.	PP200821-AGEP	21001IC04113145F	14/06/2021	IMPORTACION TUERCAS MARIPOSA
20	GMCI	20-GMCI-000056		DINOSAURIO S.A.	OPCBA_20118//INV#WJX-JUN-2001	20001TRM4004188T	05/10/2020	DINOSAURIO S.A. _TRM4 #1_DEL 2020 // CTR: TCLU9182413 //ETA: 03/10 A EXOLGAN//BL:NBSM20080154 // BUQUE: SEASPAN OSPREY // DESTINO: ZOFRACOR-11046
20	GMCI	20-GMCI-000055		IBOX S.A.	INV###	20073SIMI124451M	08/09/2020	BOXEWAY - ITUNER #1
20	GMCI	20-GMCI-000054		JEREZ MANTARAS HUGO MARCELINO	EDITORIAL PAIDOTRIBO, S.L. 20/58468 INSTITUTO MONSA DE EDICIONES S.L. 13642	20001IC04186104J	10/11/2020	PAIDOTRIBO 78844 /67 / 71 / 72 MONSA
20	GMCI	20-GMCI-000053		ROGGIO LUIS S.A.	OPCBA_20202/INV#IDZ2004052	20001TRM4003958A	23/09/2020	ROGGIO LUIS S.A _TRM4 #1_DEL 2020 // CTR: CRSU1110164//ETA: 20/.09 A APM/ /BL:NBSM2008008 // BUQUE: MAERSK LIRQUEN// DESTINO: ZOFRACOR-20006
20	GMCI	20-GMCI-000052		IBOX S.A.	INV#NBJT20201125	21001IC04020099K	28/01/2021	BOXEWAY-NINGBO #1
20	GMCI	20-GMCI-000051		AGROMAX SRL	INV# H30083/ISTA AGROMAX	20001TRM4004253M	07/10/2020	AGROMAX _TRM4 #1_DEL 2020 // CTR: FSCU6538219//ETA:/05/10  BL: NBSM20071507 // BUQUE: ATACAMA - APM  // ZOFRACOR -11046
20	GMCI	20-GMCI-000050		IBOX S.A.	INV#	20073SIMI124446Z	08/09/2020	BOXEWAY-PCBWAY #1 - OP_CANALIZADA COMO SIMPLIFIACADA.
20	GMCI	20-GMCI-000049		HECTOR CODINI S.A.	OPCBA_20147_INV#NYBT2000NM203/ISTA CODINI	20001TRM4004085P	29/09/2020	CODINI _TRM4 #1_DEL 2020 // CTR: CLHU8918756//ETA 27/09  A BACTSSA//BL: SHSM20070710// BUQUE: COSCO SHIPPING THAMES // SENASA MADERA // DESTINO MARECOMEX SAN FRANCISCO
20	GMCI	20-GMCI-000048		EFEPE S.A.	VALO INT.CO.,LTD. V-200807	20001IC04146242X	14/09/2020	 
20	GMCI	20-GMCI-000047		SERVIDIO PABLO ANTONIO	BRISTOL - SYL INDÚSTRIA DE MAQS. COM. IMP. EXP. LTDA. 01/21     	21001IC04047429Z	09/03/2021	 
20	GMCI	20-GMCI-000046		LABORATORIOS PEYTE S.A.	INV#20200627W05/ISTA PEYTE	20001TRM4003247Y	11/08/2020	PEYTE_TRM4 #9_DEL 2020 // CTR:SZLU9891732//ETA 07/08  A BACTSSA//BL: YMLUB236070829/ BUQUE:SWITZERLAND // EQUIPO : GEN SET//GRAL  RODRIGUEZ
20	GMCI	20-GMCI-000045		LABORATORIOS PEYTE S.A.	INV#CQCBFE2005-0013-01/ISTA PE	20001TRM4003188S	07/08/2020	PEYTE_TRM4 #8_DEL 2020 // CTR: NYKU3848490//ETA 04/08  A EXOLGAN// BL: ONEYSH0AW9477800/ BUQUE:CAPE ARTEMISIO // IMO // SENASA MADERA
20	GMCI	20-GMCI-000044		LABORATORIOS PEYTE S.A.	INV#20200620W01/ISTA PEYTE	20001TRM4003187R	07/08/2020	PEYTE_TRM4 #7_DEL 2020 // CTR:SZLU9831374//ETA 03/08  A BACTSSA//BL: YMLUB236070616/ BUQUE:CMA CGM JACQUES JUNIOR // EQUIPO : GEN SET//GRAL  RODRIGUEZ
20	GMCI	20-GMCI-000043		LABORATORIOS PEYTE S.A.	INV#1201302177/ISTA PEYTE	20001TRM4003056M	28/07/2020	PEYTE_TRM4 #6_DEL 2020 // CTR: FCIU2787908//ETA 27/07  A EXOLGAN// BL: ONEYSH0FSB160700/ BUQUE:MSC BRUNELLA  // IMO // SENASA MADERA 
20	GMCI	20-GMCI-000042		LABORATORIOS PEYTE S.A.	INV#WTL20ME0097/ISTA PEYTE	20001TRM4003053J	28/07/2020	PEYTE_TRM4 #5_DEL 2020 // CTR: HMMU6222432 //ETA 26/07  A T.4 // BL: UILZ20060311-04// BUQUE:MAERSK LETICIA // IMO // CONTENEDOR PARTE -  WHEATFIELD
20	GMCI	20-GMCI-000041		LABORATORIOS PEYTE S.A.	INV#9130103617/ISTA PEYTE	20001TRM4003050G	28/07/2020	PEYTE_TRM4 #4_DEL 2020 // CTR: HMMU6222432 //ETA 26/07  A T.4 // BL: UILZ20060311-02// BUQUE:MAERSK LETICIA // IMO // CONTENEDOR PARTE- JEGABRO
20	GMCI	20-GMCI-000040		PLANTIUM S.A.	INV#P20200710001/ISTA PLANTIUM	20073TRM4002563A	11/08/2020	PLANTIUM _TRM4 #2_DEL 2020 // HAWB ASGA2007078 //  ETA 07/08  A TCA// SENASA MADERA
20	GMCI	20-GMCI-000039		MULTI HOUSING LAUNDRY S.A.	REEMPLAZA 19001SIMI305535P i190051	20001SIMI215421B	20/07/2020	SIMIS VARIAS NO AUTORIZADAS + CONTACTO SCI
20	GMCI	20-GMCI-000038		PLANTIUM S.A.	INV#20200701002/ISTA PLANTIUM	20073TRM4002304Z	22/07/2020	PLANTIUM _TRM4 #1_DEL 2020 // HAWB ASGA2007013 //  ETA 20/07 // DESDE TCA A ZONA FRANCA VILLA CONSTITUCION.
20	GMCI	20-GMCI-000037		CYPRES SA	LATINBOOKS INTERNATIONAL S.A. INV 1003	20001IC05012753X	28/07/2020	CAMION
20	GMCI	20-GMCI-000036		LABORATORIOS PEYTE S.A.	INV#20RA686/ISTA PEYTE	20001TRM4002736Z	03/07/2020	PEYTE_TRM4 #3_DEL 2020 // CTR CAIU4133467 //ETA 30/06  A EXOLGAN//BL: MEDUQ2317954// BUQUE: CROATIA // IMO // SENASA MADERA
20	GMCI	20-GMCI-000035		CIRCULO LATINO AUSTRAL S.A	PUNTOCOM EDITORA S.A.. #·117	20001IC04169567A	19/10/2020	Brijbasi GN/20-21..
20	GMCI	20-GMCI-000034		CIRCULO LATINO AUSTRAL S.A	PUNTOCOM EDITORA S.A. INV: 000000116	20001IC04115420C	27/07/2020	Brijbasi GN/20-21/008
20	GMCI	20-GMCI-000033		LABORATORIOS PEYTE S.A.	INV#2020C0019/ISTA PEYTE	20001TRM4002440X	08/06/2020	PEYTE_TRM4 #2_DEL 2020 // CTR :SZLU9873261  //ETA 05/06  A BACTSSA //BL: YMLUB236069705 // BUQUE: EVER LAUREL// EQUIPO :  GEN SET // IMO
20	GMCI	20-GMCI-000032		CIRCULO LATINO AUSTRAL S.A	PEQ.DOCTORES MIS DINOS DE CARTON PEQ LECTORES	20001SIMI178982V	19/06/2020	 
20	GMCI	20-GMCI-000031		LABORATORIOS PEYTE S.A.	INV#20200418W02/ISTA PEYTE	20001TRM4002397T	03/06/2020	PEYTE_TRM4 #1_DEL 2020 // CTR : KOCU2065075  //ETA 31/05 A T.4// BUQUE: MAERSK LIMA// BL: HDMUQSAR7527873 // IMO // SENASA MADERA
20	GMCI	20-GMCI-000030		RODADOS MEDITERRANEA S.A.	OPCBA19652_INV#02178281B	20001TRM4002304H	27/05/2020	ISTA-RODADOS MEDITERRANEA_TRM4 #2_DEL 2020// CTR-PARTE : MRKU0343317// ETA 24/05 A T.4 // BUQUE: MAERSK LONDRINA  //BL: XMN20030080-B //SENASA MADERA.
20	GMCI	20-GMCI-000029		RODADOS MEDITERRANEA S.A.	OPCBA19652_INV#02178281A	20001TRM4002303G	27/05/2020	ISTA-RODADOS MEDITERRANEA_TRM4 #1_DEL 2020// CTR-PARTE : MRKU0343317// ETA 24/05 A T.4 // BUQUE: MAERSK LONDRINA  //BL: XMN20030080-A //SENASA MADERA.
20	GMCI	20-GMCI-000028		COTAGRO COOPERATIVA AGROPECUARIA LI	OPCBA19835# EPL/LTM/030/19-20	20001TRM4002183M	19/05/2020	ISTA-COTAGRO_TRM4 #1_DEL 2020// CTR :MRKU9688460  // ETA 02/05 A TRP // BUQUE:  CAP SAN RAPHAEL  //BL: 910352152 // SENASA MADERA.
20	GMCI	20-GMCI-000027		CELULOSA CANNING SA	INV#ZD20200611889	20001IC04149902Y	18/09/2020	LINEA DE PRODUCCION // CTR´S : MEDU4178708 - MSCU5957141-MSCU5174125 -DRYU9389339- MSCU7156075 -MEDU4056612 // ETA 16/09 A EXOLGAN // BUQUE: MONTEVIDEO EXPRESS//BL: GGLFE20080059 // SENASA MADERA.
20	GMCI	20-GMCI-000026		CYPRES SA	LATIN BOOKS INTERNATIONAL S.A. A 1001	20001IC05010661E	25/06/2020	CAMION ABRIL
20	GMCI	20-GMCI-000024		EFEPE S.A.	VALO INT.CO.,LTD  V-200504	20001IC04088491T	08/06/2020	 
20	GMCI	20-GMCI-000023		PERTRAK S.A.	INV#RW19065_ISTA_OPCBA_19538	20001TRM4001593Z	21/04/2020	PERTRACK_TRM4 #1_DEL 2020 // CTR : BEAU5078890  //ETA 16/04 A T.5// BUQUE: EVER SMILE// BL: NBSM20020298 // PALLETS MADERA_ DESTINO FISCAL TORTONE 
20	GMCI	20-GMCI-000022		CIRCULO LATINO AUSTRAL S.A	POR ORDEN DE VANE, ARCHIVAR, SIN FACTURAR	20001SIMI099699F	13/04/2020	 
20	GMCI	20-GMCI-000021		ARCOR S.A.I.C.	REIMPORTACION CONTENEDOR ARCOR	20001TRM4001259P	16/03/2020	TRM4 ARCOR/DE EXOLGAN/ ZONA PRIMARIA SAN PEDRO/ALMIDON DE MAIZ LIBRE DE GLUTEN //   PALLETS DE MADERA// BL :SDB31S009048
20	GMCI	20-GMCI-000020		PROEME	PEDIDO_MARZO:2020	20001SIMI072780K	10/03/2020	 
20	GMCI	20-GMCI-000017		GM CARGO SRL	ISTA_ MOTOMARKET.S.A._INV#1403099/100	20001TRM4001127J	11/03/2020	TRM4 Nº 1-2020=  DE EXOLGAN / CLORINDA-FALCON PY // BL :HLCUTA12001BBOA3 
20	GMCI	20-GMCI-000016		CIRCULO LATINO AUSTRAL S.A	CADIEX INTERNATIONAL S.A. A 1004	22001IC05010926K	09/05/2022	 
20	GMCI	20-GMCI-000015		BORATEX SRL	KERN LIEBERS #200129	20001SIMI291109X	09/09/2020	 
20	GMCI	20-GMCI-000014		GM CARGO SRL	REEMB_COL_INV#GRP2019000000070	20001RE04000007H	21/02/2020	REEMBARCO A CARTAGENA - COLOMBIA_BUQUE SALIDA: MSC BARCELONA
20	GMCI	20-GMCI-000013		DANES S.R.L.	ref.op.26680	20073TRM4000399F	04/02/2020	DANES S.R.L_TRM4 #01_2020//EZEIZA A BINDER II
20	GMCI	20-GMCI-000012		CIRCULO LATINO AUSTRAL S.A	PUNTOCOM EDITORA SA #000000115	20001IC04061246X	22/04/2020	BRIJBASI 2DO (X CTA Y ORDEN PUNTOCOM EDITORA SA)
20	GMCI	20-GMCI-000011		CELULOSA CANNING SA		20001SIMI024888Z	21/01/2020	 
20	GMCI	20-GMCI-000010		MARIANA LORENA GONZALEZ	HARPER COLLINS  59346966  / 58859539 / 59872622	20001IC04036184L	28/02/2020	 
20	GMCI	20-GMCI-000009		EFEPE S.A.	VALO INT.CO.,LTD V-191203	20001IC04021928L	04/02/2020	 
20	GMCI	20-GMCI-000008		GM CARGO SRL	ISTA_ COORP-MAQUIN_#1941301475	20008TRM4000028P	20/01/2020	TRM4 Nº 6-2020=  DE ZARATE / CAMPANA  A UY_ 2019 NEW HOLLAND CR9.90 T2  ZED COMBINE S/N //          SERIAL NO: 2B2027001 // BL :ZAE38128090E
20	GMCI	20-GMCI-000007		GM CARGO SRL	ISTA_ COORP-MAQUIN_#1941301476	20008TRM4000027Y	20/01/2020	TRM4 Nº 5-2020=  DE ZARATE / CAMPANA  A UY_ 2019 NEW HOLLAND CR9.90 T2  ZED COMBINE S/N //          SERIAL NO: 2B2027002 // BL :ZAE38128090D
20	GMCI	20-GMCI-000006		GM CARGO SRL	ISTA_ COORP-MAQUIN_#1941301474	20008TRM4000017N	16/01/2020	TRM4 Nº 4-2020=  DE ZARATE / CAMPANA  A UY_ 2019 NEW HOLLAND CR9.80 T2  ZED COMBINE  S/N //          SERIAL NO: 2E2025015 // BL :ZAE38128090C ENTREGA EN PAYSANDÚ
20	GMCI	20-GMCI-000005		GM CARGO SRL	ISTA_ COORP-MAQUIN_#1941301473	20008TRM4000019P	16/01/2020	TRM4 Nº 3-2020=  DE ZARATE / CAMPANA  A UY_ 2019 NEW HOLLAND CR9.80 T2  ZED COMBINE  S/N //          SERIAL NO: 2E2025014 // BL :ZAE38128090B ENTREGA EN DOLORES
20	GMCI	20-GMCI-000004		GM CARGO SRL	ISTA_ COORP-MAQUIN_#1941301478	20008TRM4000018Y	16/01/2020	TRM4 Nº 2-2020=  DE ZARATE / CAMPANA  A UY_ 2019 NEW HOLLAND CR9.80 T2  ZED COMBINE  S/N //          SERIAL NO: 2E2027007 // BL :ZAE38128090A ENTREGA EN DURAZNO
20	GMCI	20-GMCI-000003		GM CARGO SRL	ISTA_ COORP-MAQUIN_#1941301477	20008TRM4000016M	16/01/2020	TRM4 Nº 1-2020=  DE ZARATE / CAMPANA  A UY_ 2019 NEW HOLLAND CR9.80 T2  ZED COMBINE  S/N //          SERIAL NO: 2E2027005 // BL :ZAE38128090 ENTREGA EN MONTEVIDEO
20	GMCI	20-GMCI-000002		CYPRES SA	LATINBOOKS INT.  A101	20001IC05004245F	02/03/2020	Camion Enero
20	GMCI	20-GMCI-000001		MOCHON DANIEL PEDRO	INV#K-G-042 -ISTA  OPCBA 19158	20001TRM4000088Y	07/01/2020	MOCHON_TRM4 #1_DEL 2020 // CTR : SEGU3084529  //ETA 05/02 A T.5// BUQUE: COSCO   SHIPPING VOLGA// BL: B236016988.
19	GMCI	19-GMCI-000071		LABORATORIOS PEYTE S.A.	INV#19606/31145/8031/ISTA PEYTE	20001TRM4000009H	02/01/2020	PEYTE_TRM4 #7_DEL 2019 // CTR : BSIU2774718  //ETA 30/12 A T.4// BUQUE: MAERSK LAVRAS// BL: HDMUQSAR8617459 .
19	GMCI	19-GMCI-000070		CIRCULO LATINO AUSTRAL S.A	PUNTOCOM EDITORA SA INV: 000000114	20001IC04055740K	14/04/2020	BRIJBASI ART PRESS LTD
19	GMCI	19-GMCI-000068		JEREZ MANTARAS HUGO MARCELINO	MONSA 13561 / EDIT PAIDOTRIBO SL 19/57742	20001IC04021343C	03/02/2020	 
19	GMCI	19-GMCI-000066		SERVIDIO PABLO ANTONIO	Hud-Son Forest Equipament #101172	20073IC04034609U	06/04/2020	 
19	GMCI	19-GMCI-000065		OLEOHIDRAULICA TECNICORD SA	INV#1902800/OP19110	19001TRM4004777X	16/12/2019	TECNICORD _TRM4 #2_DEL 2019 // CTR : CBHU4423070  //ETA 13/12 A TRP// BUQUE: CAP SAN ARTEMISIO// BL: 1074107.
19	GMCI	19-GMCI-000064		OLEOHIDRAULICA TECNICORD SA	INV#0072522914/OP19020	19001TRM4004712U	11/12/2019	TECNICORD _TRM4 #1_DEL 2019 // CTR : TGHU9110161  //ETA 09/12 A EXOLGAN// BUQUE: EXOLGAN// BL: 2489-02422-11 // SENASA MADERA
19	GMCI	19-GMCI-000062		CYPRES SA	LATINBOOKS INTERNATIONAL A 91	19001IC05024493U	16/12/2019	LATINBOOKS CAMION DICIEMBRE
19	GMCI	19-GMCI-000061		LABORATORIOS PEYTE S.A.	INV#WTL19ME0096/ISTA PEYTE	19001TRM4004620S	04/12/2019	PEYTE_TRM4 #6_DEL 2019 // CTR : ZCSU2677916  //ETA 01/12 A T.4// BUQUE: MAERSK LEON// BL: ZIMUSNH20145031 // IMO.
19	GMCI	19-GMCI-000060		LABORATORIOS PEYTE S.A.	INV#NK435CL201909W-01/ISTA PEY	19001TRM4004627C	04/12/2019	PEYTE_TRM4 #5_DEL 2019 // CTR :HASU1071900  //ETA 01/12 A T.4// BUQUE: MAERSK LEON// BL: 598717802 // IMO // SENASA MADERA
19	GMCI	19-GMCI-000059		EL DORADO S.A.	INV#FOE17923/ISTA EL DORAD	19073TRM4003781L	26/11/2019	EL DORADO S.A._TRM4 #1_DEL 2019 // HAWB: 19/00410  //ETA 25/11 A EZEIZA // ISTA A BINDER II // SENASA MADERA.
19	GMCI	19-GMCI-000058		GM CARGO SRL	ISTA_ COORP-MAQUIN_#1941301297	19008TRM4000281B	21/11/2019	TRM4 Nº 12-2019=  DE ZARATE / CAMPANA  A UY_ 2019 NEW HOLLAND CR9.80 T2 ZED COMBINE S/N   //   SERIAL NO: 2E2025011 // BL : ZAE37969432C
19	GMCI	19-GMCI-000057		GM CARGO SRL	ISTA_ COORP-MAQUIN_#1941301290	19008TRM4000280A	21/11/2019	TRM4 Nº 11-2019=  DE ZARATE / CAMPANA  A UY_ 2019 NEW HOLLAND CR9.80 T2 ZED COMBINE S/N   //   SERIAL NO: 2E2025008 // BL : ZAE37969432B
19	GMCI	19-GMCI-000056		GM CARGO SRL	ISTA_ COORP-MAQUIN_#1941301296	19008TRM4000279X	21/11/2019	TRM4 Nº 10-2019=  DE ZARATE / CAMPANA  A UY_ 2019 NEW HOLLAND CR7.90 T2 ZED COMBINE S/N  //   SERIAL NO: 2B2025002 // BL : ZAE37969432A
19	GMCI	19-GMCI-000055		GM CARGO SRL	ISTA_ COORP-MAQUIN_#1941301295	19008TRM4000278H	21/11/2019	TRM4 Nº 9-2019=  DE ZARATE / CAMPANA  A UY_ 2019 NEW HOLLAND CR7.90 T2 COMBINE   //          SERIAL NO: 2B2025001 // BL :ZAE37969432
19	GMCI	19-GMCI-000054		CYPRES SA	LATINBOOKS INTERNATIONAL A 85	19001IC05022517P	20/11/2019	 
19	GMCI	19-GMCI-000053		PROEME	PEDIDO_11-2019	19001SIMI317702Y	01/11/2019	 
19	GMCI	19-GMCI-000052		CELULOSA CANNING SA	ZD2019102325	20001SIMI104634E	16/04/2020	 
19	GMCI	19-GMCI-000051		MULTI HOUSING LAUNDRY S.A.	19001SIMI305535P	19001SIMI305535P	24/10/2019	SIMI SIN AFECTACIÓN USD208.575,00 AUTORIZADA Y VENCIDA
19	GMCI	19-GMCI-000050		CYPRES SA	LATINBOOKS INTERNATIONAL S.A. A 82	19001IC05021111E	30/10/2019	LATINBOOKS CAMION OCTUBRE
19	GMCI	19-GMCI-000049		GM CARGO SRL	ISTA_ COORP-MAQUIN_#1951048247	19008TRM4000249F	26/10/2019	TRM4 Nº 8-2019=  DE ZARATE / CAMPANA  A UY_ 2019 NEW HOLLAND T8.410 TRACTOR   //   SERIAL NO: JJAT8410PKRE03217 // BL : JCCM20450A
19	GMCI	19-GMCI-000048		GM CARGO SRL	ISTA_ COORP-MAQUIN_#1951048276	19008TRM4000248E	26/10/2019	TRM4 Nº 7-2019=  DE ZARATE / CAMPANA  A UY_ 2019 NEW HOLLAND T8.410 AC TRACTOR   //          SERIAL NO: JJAT8410HKRE03227 // BL : JCCM20450
19	GMCI	19-GMCI-000047		GM CARGO SRL	ISTA_ COORP-MAQUIN_#1951046104	19008TRM4000262A	30/10/2019	TRM4 Nº 6-2019=  DE ZARATE / CAMPANA  A UY_ 2019 NEW HOLLAND T8.410 TRACTOR   //          SERIAL NO: JJAT8410JKRE02992 // BL : JCCM20447C
19	GMCI	19-GMCI-000046		GM CARGO SRL	ISTA_ COORP-MAQUIN_#1951046103	19008TRM4000260V	29/10/2019	TRM4 Nº 5-2019=  DE ZARATE / CAMPANA  A UY_ 2019 NEW HOLLAND T8.410 TRACTOR   //          SERIAL NO: JJAT8410EKRE03004 // BL : JCCM20447B
19	GMCI	19-GMCI-000045		GM CARGO SRL	ISTA_ COORP-MAQUIN_#1951046100	19008TRM4000261W	30/10/2019	TRM4 Nº 4-2019=  DE ZARATE / CAMPANA  A UY_ 2019 NEW HOLLAND T8.380 TRACTOR   //          SERIAL NO: JJAT8380CKRE02895 // BL : JCCM20447A
19	GMCI	19-GMCI-000044		GM CARGO SRL	ISTA_ COORP-MAQUIN_#1951046098	19008TRM4000264C	31/10/2019	TRM4 Nº 3-2019=  DE ZARATE / CAMPANA  A UY_ 2019 NEW HOLLAND T8.380 TRACTOR   //          SERIAL NO: JJAT8380KKRE03090 // BL : JCCM20447
19	GMCI	19-GMCI-000043		GM CARGO SRL	ISTA_ INTERYOUNG S.A_#20190914	19008TRM4000255C	28/10/2019	TRM4 Nº 2-2019=  DE ZARATE / CAMPANA  A UY_ USED-2009 JOHN DEERE 4730 SPRAYER   //          SERIAL NO: N04730X005693 // BL : JCCM20434
19	GMCI	19-GMCI-000042		GM CARGO SRL	ISTA_ INTERYOUNG S.A_#20190913	19008TRM4000254B	28/10/2019	TRM4 Nº 1-2019=  DE ZARATE / CAMPANA  A UY_2012 JOHN DEERE S670  COMBINE //          SERIAL NO: 1H0S670SCB0745733 // BL : JCCM20433
19	GMCI	19-GMCI-000041		LABORATORIOS PEYTE S.A.	INV#2019HDC0159/ISTA PEYTE/SEGUI 25398	19001TRM4003845D	08/10/2019	PEYTE_TRM4 #4_DEL 2019 // CTR :HDMU5508450  //ETA 06/10 A T.4// BUQUE: MAERSK LIMA // EQUIPO :  GEN SET // IMO
19	GMCI	19-GMCI-000040		LABORATORIOS PEYTE S.A.	INV#CSS20190801/ISTA PEYTE/IM17763	19001TRM4003644A	26/09/2019	 
19	GMCI	19-GMCI-000039		MULTI HOUSING LAUNDRY S.A.	INV# I-337497	20001IC04007281H	13/01/2020	IMPORTACION // FCL #2 // LAVADORAS-SECADORAS SIMPLES Y DOBLES// ETA :  // BUQUE : // TERMINAL :  //BL:  //
19	GMCI	19-GMCI-000038		LABORATORIOS PEYTE S.A.	INV#19RA691/ISTA PEYTE/IM24964	19001TRM4003461U	13/09/2019	PEYTE_TRM4 #2_DEL 2019 // CTR :TTNU1632387  //ETA 09/09 A EXO// BUQUE: MSC CATERINA // CARGA IMO // SENASA MADERA.
19	GMCI	19-GMCI-000037		COTAGRO COOPERATIVA AGROPECUARIA LI	OPCBA18783-# EPL/LTM/030/19-20	19001TRM4003438B	11/09/2019	ISTA-COTAGRO_TRM4 #1_DEL 2019 // CTR :TCLU6711745  // ETA 06/09 A T.4 // BUQUE: MAERSK LOTA //SENASA MADERA.
19	GMCI	19-GMCI-000036		BRONWAY TECHNOLOGY S.A.	IM: 17609 //INV#000294/295/ISTA BRONWAY	19001TRM4003387E	09/09/2019	BRONWAY_TRM4 #1_DEL 2019 // CTR :MRKU7630474  // ETA 06/09 A T.4 // BUQUE: MAERSK LOTA //SENASA MADERA.
19	GMCI	19-GMCI-000035		CYPRES SA	LATINBOOKS INTERNATIONAL S.A. A 76	19001IC05016775B	29/08/2019	4901 AGOSTO
19	GMCI	19-GMCI-000034		CYPRES SA	LATINBOOKS INTERNATIONAL S.A. A 77	19001IC05016783A	29/08/2019	4903 AGOSTO
19	GMCI	19-GMCI-000031		DOUSSET ALBERTO GUILLERMO	IMPO AEREA-PROVEEDORES VARIOS	19073IC04125734F	11/09/2019	INV#14598438001023433 // HY20190612 // 2019060701 // AEREO CHINA. MAQUINA PARA PROYECTAR POLIURETANO // ESTABILIZADORES // COMPRESORES
19	GMCI	19-GMCI-000030		LEDARGSA S.A.	INV# 04395-96-97-98-99	19001IC04154289D	02/09/2019	CONTENEDOR# 05/19  // ZIMUPAN35789 // CTR : CRSU1067900 // ETA: 02/09- T.4 // MAERSK LEON
19	GMCI	19-GMCI-000029		GM CARGO SRL	REEMBARCO_MIAMI_INV#20190122	19001RE04000069A	20/08/2019	DEVOLUCIÓN A ORIGEN, REEMBARCO+PARTICULAR+CUSTODIA BUQUE DE EXPORTACION: NORTHERN MAGNITUDE (T4) ETA 07/09/2019 HLXU524737/7.
19	GMCI	19-GMCI-000028		ARO PLASTYC S.A.S	INV#IN041265 /ISTA-OPCBA-18524	19001TRM4003143R	26/08/2019	ARO PLASTYC SA_TRM4 #1_DEL 2019 // CTR :DFSU7106620 //ETA 22/08 A EXO// BUQUE: BUXCOAST//MBL : MEDUBK785369 // HBL : ECCI-MIA-BUE-04-2T6778
19	GMCI	19-GMCI-000027		GM CARGO SRL	REEMBARCO_MIAMI_INV#20190114	19001RE04000068W	20/08/2019	DEVOLUCIÓN A ORIGEN, REEMBARCO+PARTICULAR+CUSTODIA BUQUE DE EXPORTACION: NORTHERN MAGNITUDE (T4) ETA 07/09/2019 HLXU524737/7
19	GMCI	19-GMCI-000026		EFEPE S.A.	VALO INT.CO.,LTD. V-190707	19001IC04181329V	10/10/2019	ROI Nº 90739
19	GMCI	19-GMCI-000024		MULTI HOUSING LAUNDRY S.A.	I-333697 CONTINENTAL GIRBAU INC.	19001IC04188427E	22/10/2019	IMPORTACION // FCL#1// LAVADORAS-SECADORAS SIMPLES Y DOBLES// ETA :18/10  // BUQUE :BUXCOAST// EXOLGAN //BL: JCCM20376 //
19	GMCI	19-GMCI-000023		SER VERDE S.R.L.	MIBET#MBTPI-17051601	19001IC04129252S	26/07/2019	IMPORTACION#1/2019 // LCL // PARTES DE PERFILERIA // DESCONSOLIDA EN GEMEZ II
19	GMCI	19-GMCI-000022		INGEMAR S.A.	INV#191001590/ISTA INGEMAR	19001TRM4002525U	15/07/2019	INGEMAR S.A._TRM4 #1_DEL 2019 // CTR :ZIMU1297253  //ETA 13/07 A EXOLGAN / BUQUE: MSC FIAMMETTA //  SENASA MADERA.
19	GMCI	19-GMCI-000021		PROEME	PROEME_JULIO19	19001SIMI200139J	22/07/2019	 
19	GMCI	19-GMCI-000019		CYPRES SA	LATINBOOKS INTERNATIONAL A 68	19001IC05012441K	10/07/2019	 
19	GMCI	19-GMCI-000018		LEDARGSA S.A.	INV# 04349-50-51-52-53.	19001IC04115389B	10/07/2019	CONTENEDOR# 04/19  // ZIMUPAN35683 // CTR : TRHU1375058 // ETA: 04/07- EXOLGAN // MSC VIGO
19	GMCI	19-GMCI-000017		LABORATORIOS PEYTE S.A.	INV#WTL19ME0041/ISTA PEYTE	19001TRM4002408U	05/07/2019	PEYTE_TRM4 #1_DEL 2019 // CTR :CMAU0608633  //ETA 28/06 A T.5// BUQUE: VALENCE // CARGA IMO // SENASA MADERA.
19	GMCI	19-GMCI-000016		CYPRES SA	LATINBOOKS INTERNATIONAL A 64	19001IC05011210D	19/06/2019	 
19	GMCI	19-GMCI-000014		EFEPE S.A.	VALO INT.CO., LTD V-190505	19001IC04135829C	06/08/2019	 
19	GMCI	19-GMCI-000013		CIRCULO LATINO AUSTRAL S.A	CADIEX INTERNATIONAL A 3	19001IC05009369C	27/05/2019	 
19	GMCI	19-GMCI-000012		LEDARGSA S.A.	INV # 04254-55-56-57-58.	19001IC04087685X	27/05/2019	CONTENEDOR# 03/19  // ZIMUPAN35576 // CTR : TCNU2756158 // ETA: 24/05- EXOLGAN // SKIATHOS
19	GMCI	19-GMCI-000011		CIRCULO LATINO AUSTRAL S.A	PUNTOCOM EDITORA S.A.  00000113	19001IC04119334S	15/07/2019	PUNTOCOM EDITORA S.A.  (BRIJBASI)
19	GMCI	19-GMCI-000010		CYPRES SA	LATINBOOOKS INTERNATIONAL S.A. A 54	19001IC05007401K	29/04/2019	camion 4901 + 4903 ABRIL
19	GMCI	19-GMCI-000008		MULTI HOUSING LAUNDRY S.A.	LAVADORAS INV# I-327511	19073IC04055738L	25/04/2019	 
19	GMCI	19-GMCI-000006		CELULOSA CANNING SA		19001SIMI303366P	23/10/2019	 
19	GMCI	19-GMCI-000005		CYPRES SA	LATINBOOKS INTERNATIONAL S.A. A 44	19001IC05003103F	25/02/2019	Pedido Febrero 4901
19	GMCI	19-GMCI-000004		PROEME	PROEME_PEDIDO MARZO 2019	19001SIMI071518Z	18/03/2019	 
19	GMCI	19-GMCI-000003		LEDARGSA S.A.	INV# 04152-04153-04154-04155	19001IC04038009R	07/03/2019	CONTENEDOR# 02/19  // HLCUPTY190143759 // CTR : UACU3178971// ETA: 01/03 EXOLGAN //MALLECO
19	GMCI	19-GMCI-000002		LEDARGSA S.A.	INV# 04148-04149-04150-04151	19001IC04037747C	06/03/2019	CONTENEDOR# 01/19  // HLCUPTY190143770 // CTR : UACU4010391// ETA: 01/03 EXOLGAN //MALLECO
19	GMCI	19-GMCI-000001		BORATEX SRL	SH181008-1/IMPO#1_DEL2019	19001IC04026233N	12/02/2019	AGUJAS
18	GMCI	18-GMCI-000110		CYPRES SA	LATINBOOKS INTERNATIONAL SA A 52	19001IC05006370Y	15/04/2019	4903-MARZO 2019
18	GMCI	18-GMCI-000109		SER VERDE S.R.L.	INV# 2018HKCHINT1057	19001IC04018199C	29/01/2019	IMPORTACION  #3/2018 // PANELES// ETA : 27/01 // BUQUE : SAN FERNANDO// T.4  //CTR: TLLU530779// SENASA MADERA
18	GMCI	18-GMCI-000108		SER VERDE S.R.L.	INV# MBT-20180904-A	19001IC04018378B	29/01/2019	IMPORTACION  #2/2018 // PERFILES // ETA : 25/01 //BUQUE: VALOR//T.5 .
18	GMCI	18-GMCI-000107		MULTI HOUSING LAUNDRY S.A.	i-335561	19001IC04204987E	15/11/2019	REPUESTOS
18	GMCI	18-GMCI-000106		SER VERDE S.R.L.	INV# 1599000109// SER VERDE S.R.L // IMPO#1	19001IC04014039Y	22/01/2019	IMPORTACION  #1/2018 // INVERTERS Y CABLES // ETA : 14/01 UASC ZAMZAM // EXOLGAN // TRASLADA A MERCOCARGA.
18	GMCI	18-GMCI-000105		SERVIDIO PABLO ANTONIO	LOGOSOL AB INVOICE : 359572/359573	19001IC04052993C	28/03/2019	LOGOSOL Nº PEDIDO 280404 + 281814
18	GMCI	18-GMCI-000104		GM CARGO SRL	INV#00005-00000003	18001TR06000689B	27/12/2018	TR06 // CANCELA : 18001IDA4010681H // GMCI 99
18	GMCI	18-GMCI-000103		LABORATORIOS PEYTE S.A.	INV#JA2018092802/ISTA PEYTE	19001TRM4000023L	02/01/2019	PEYTE_TRM4 #9_DEL 2018 // CTR :SEGU1429529  //ETA 25/12_ A T.4// BUQUE: MOL BENEFACTOR.
18	GMCI	18-GMCI-000102		MULTI HOUSING LAUNDRY S.A.	INV# I-322534	19001IC04041484S	12/03/2019	SECADORAS // DOBLE Y SIMPLE // SENASA MADERA
18	GMCI	18-GMCI-000101		EFEPE S.A.	VALO INTERNATIONAL  CO., LTD. V-181204	19001IC04046543T	19/03/2019	VALO INTERNATIONAL ·LF-323-18+405-18  
18	GMCI	18-GMCI-000099		GM CARGO SRL	INV#A/293	18001IDA4010681H	18/12/2018	TR04 // ACEITES // GRASAS PARA ENGRANAJES Y MOTORES MARINOS. // ETA 03/12 // FISCAL MILO
18	GMCI	18-GMCI-000098		GM CARGO SRL	ISTA PERTILCO_#FTCNH180047997	18008TRM4000606B	27/11/2018	TRM4 Nº 8=  DE ZARATE / CAMPANA  A UY_NEW CASE IH MAGNUM 340 TRACTOR SN ZJRF02247
18	GMCI	18-GMCI-000097		CYPRES SA	LATINBOOKS INTERNATIONAL A 41	19001IC05000242G	07/01/2019	LATINBOOKS 4901 DICIEMBRE
18	GMCI	18-GMCI-000096		CYPRES SA	LATINBOOKS INTERNARIONAL S.A. A 32	18001IC05025973A	10/12/2018	LATINBOOKS 4903 NOVIEMBRE
18	GMCI	18-GMCI-000095		CYPRES SA	LATINBOOKS INTERNATIONAL S.A. A 31	18001IC05025963W	10/12/2018	LATINBOOKS 4901 NOVIEMBRE
18	GMCI	18-GMCI-000094		LABORATORIOS PEYTE S.A.	INV#WTL18ME0076/ISTA PEYTE	18001TRM4006793H	13/11/2018	PEYTE_TRM4 #8_DEL 2018 // CTR :CAIU6603071  //ETA 11/11 A T.4// BUQUE: SANTOS EXPRESS // CARGA IMO
18	GMCI	18-GMCI-000093		GM CARGO SRL	ISTA PERTILCO_I#FTCNH180051925	18008TRM4000600S	21/11/2018	TRM4 Nº 7=  DE ZARATE / CAMPANA  A UY_NEW CASE IH 3230 SPRAYER
18	GMCI	18-GMCI-000092		PROEME	PROEME_DICIEMBRE 2018	18001SIMI363527T	13/11/2018	 
18	GMCI	18-GMCI-000091		NUEVO CENTRAL ARGENTINO S.A.	INV#10449/1	18073TRM4005101V	07/11/2018	NUEVO CENTRAL ARGENTINO S.A._TRM4 #1_DEL 2018 // AWB:LE202722 // ISTA EZEIZA-ROSARIO
18	GMCI	18-GMCI-000090		EL DORADO S.A.	INV#CI18WG904-1EL	18073TRM4005095K	07/11/2018	EL DORADO S.A._TRM4 #1_DEL 2018 // AWB:322993 // ISTA EZEIZA-ROSARIO
18	GMCI	18-GMCI-000088		CIRCULO LATINO AUSTRAL S.A	PUNTOCOM EDITORA S.A. 0000000109	18001IC04255840U	04/12/2018	THE WORLD OF POCOYO 1X40 
18	GMCI	18-GMCI-000087		LABORATORIOS PEYTE S.A.	INV#FG188353/ISTA PEYTE	18001TRM4006532V	30/10/2018	PEYTE_TRM4 #7_DEL 2018 // CTR :TRHU2776902  //ETA 25/10 A T.5// BUQUE: COSCO SHIPPING VOLGA // CARGA IMO
18	GMCI	18-GMCI-000086		CIRCULO LATINO AUSTRAL S.A	PUNTOCOM EDITORA S.A. 0000000108	18001IC04252221K	26/11/2018	 OSITOS CARIÑOSITOS 1 X 40
18	GMCI	18-GMCI-000085		CIRCULO LATINO AUSTRAL S.A	PUNTOCOM EDITORA S.A. 0000000107	18001IC04249162U	21/11/2018	OSITOS + POCOYO
18	GMCI	18-GMCI-000083		EPIFANIO JIMENEZ E HIJOS S.A.	INV#001-002-001458/OPCBA_17136	18001TRM4006258D	12/10/2018	CACAO EN POLVO// MSC ELODIE // ETA 01/10 // EXOLGAN // CTR :HLXU1153747 // BL : HLCUGYE180844640
18	GMCI	18-GMCI-000082		LABORATORIOS PEYTE S.A.	INV#18RA764 / ISTA PEYTE	18001TRM4005878K	21/09/2018	PEYTE_TRM4 #6_DEL 2018 // CTR :HASU1082632 //ETA 17/09 A EXOLGAN// BUQUE: MOL LONDRINA
18	GMCI	18-GMCI-000081		CYPRES SA	LATINBOOKS INTERNATIONAL S.A. A 23	18001IC05021404X	27/09/2018	 
18	GMCI	18-GMCI-000080		TERMOPLASTICA ROSARIO SRL	TR04 TERMOPLASTICA	18001TR04002960Z	28/09/2018	LCL 8PKGS 2474KGS, 2.81CBM GEMEZ/PORTAR(ROSARIO)
18	GMCI	18-GMCI-000078		LABORATORIOS PEYTE S.A.	INV#WTL18ME0046 / ISTA PEYTE	18001TRM4005758H	17/09/2018	PEYTE_TRM4 #5_DEL 2018 // CTR :MSKU7038765 // ETA 10/09 A EXOLGAN// BUQUE : MAERSK LAGUNA
18	GMCI	18-GMCI-000077		LEDARGSA S.A.	INV#03959 Y 03960	18001IC04210778V	26/09/2018	CONTENEDOR# 08/18  // HLCUPTY180843528// CTR :FCIU2451615//ETA : 21/09 //BUQUE: UASC BUBIYAN // EXOLGAN
18	GMCI	18-GMCI-000076		EPIFANIO JIMENEZ E HIJOS S.A.	OPCBA_17079//INV#18AF8Z80026	18001TRM4005381W	03/09/2018	GRÁNULOS DE AJO DESHIDRATADOS / DESHIDRATADO EN POLVO DE AJO// CMA CGM RODOLPHE // ETA 31/08 // BACTSSA // CTR :YMMU1098795 // BL : YMLUB236006992
18	GMCI	18-GMCI-000075		CYPRES SA	LATINBOOKS INTERNATIONAL S.A. A 22	18001IC05021407L	27/09/2018	LATINBOOKS INTERNATIONAL 4903 SEPTIEMBRE
18	GMCI	18-GMCI-000074		NOVELIBRO SA	VERONICA VAZQUEZ SARAVIA 282460	18001IC04200499U	11/09/2018	 
18	GMCI	18-GMCI-000073		CIRCULO LATINO AUSTRAL S.A	PUNTOCOM EDITORA SA 0000000104	18001IC04217846B	05/10/2018	 
18	GMCI	18-GMCI-000072		LABORATORIOS PEYTE S.A.	IM14720_PEYTE TRAM04-2018	18001TRM4005524V	07/09/2018	PEYTE_TRM4 #4_DEL 2018 // CTR :PCIU2567082 // ETA  04/09 A T.5 // BUQUE : KOTA GANTENG
18	GMCI	18-GMCI-000070		LABORATORIOS PEYTE S.A.	INV#GHYD18358/ISTA PEYTE	18001TRM4005301Y	28/08/2018	PEYTE_TRM4 #3_DEL 2018 // CTR :TGHU5224504 // ETA 26/08 A T.4 // BUQUE : CAP SAN JUAN
18	GMCI	18-GMCI-000068		LABORATORIOS PEYTE S.A.	INV#9150006378/ISTA PEYTE	18001TRM4005253U	27/08/2018	PEYTE_TRM4 #2_DEL 2018 // CTR :ZIMU1288225 // ETA 24/08 A EXO // BUQUE : MSC BARCELONA
18	GMCI	18-GMCI-000066		LEDARGSA S.A.	INV# 03956 / 03957 Y 03958	18001IC04210724M	26/09/2018	CONTENEDOR# 07/18  // HLCUPTY180843517// CTR :UACU3861083//ETA : 21/09 //BUQUE: UASC BUBIYAN // EXOLGAN
18	GMCI	18-GMCI-000065		EPIFANIO JIMENEZ E HIJOS S.A.	OPCBA_16986 // INV#18UWN3067	18001TRM4005113P	21/08/2018	PAPEL FILTRO // MSC CADIZ // ETA 17/08 // EXOLGAN // CTR :BSIU2193288 // BL : MEDUBT662385
18	GMCI	18-GMCI-000064		ASOCIACION HIJAS DE SAN PABLO	LUNGA	18073SIMI155891X	09/08/2018	 
18	GMCI	18-GMCI-000062		CYPRES SA	LATINBOOKS INTERNATIONAL GROUP 0000000126	18001IC04206812P	19/09/2018	PEDIDO AGOSTO MARITIMO
18	GMCI	18-GMCI-000061		LABORATORIOS PEYTE S.A.	INV# 118130207 // ISTA PEYTE	18001TRM4004810S	07/08/2018	PEYTE_TRM4 #1_DEL 2018 // CTR :ZIMU3071460// ETA 28/07 A T.4 // BUQUE : SAN FERNANDO
18	GMCI	18-GMCI-000060		BORATEX SRL	INV#9265813	18073IC04124643C	31/07/2018	PLATINAS
18	GMCI	18-GMCI-000059		LEDARGSA S.A.	INV# 03954 Y 03955.	18001IC04210690Y	26/09/2018	CONTENEDOR# 06/18  // HLCUPTY180843506// CTR :FCIU3890382//ETA : 21/09 //BUQUE: UASC BUBIYAN // EXOLGAN
18	GMCI	18-GMCI-000058		EPIFANIO JIMENEZ E HIJOS S.A.	OPCBA_16791 /INV#18UWN2450	18001TRM4004292W	16/07/2018	PAPEL FILTRO// CTR: FSCU3723337 //ETA: 12/07 EN EXOLGAN //  SENASA MADERA // BUQUE: MSC MARGARITA
18	GMCI	18-GMCI-000057		COACH ARGENTINA S.A.	INV # FV18-26213	18001IC04177657G	10/08/2018	DIGIPRINT SUPPLIES
18	GMCI	18-GMCI-000056		LEDARGSA S.A.	INV# 03879/03880 Y 03881	18001IC04167496G	30/07/2018	CONTENEDOR# 05/18  // HLCUPTY180643203// CTR :TRHU1917077//ETA : 27/07 //BUQUE: UASC BUBIYAN // EXOLGAN
18	GMCI	18-GMCI-000055		SERVIDIO PABLO ANTONIO	LOGOSOL AB #351237	18001IC04185769J	22/08/2018	LOGOSOL AB #266669
18	GMCI	18-GMCI-000054		EPIFANIO JIMENEZ E HIJOS S.A.	OPCBA_16682 // INV#07096V1	18001TRM4004123P	05/07/2018	PIMENTON EN POLVO//ETA: 29/06/2018 // T.4 // BUQUE: CAP SAN VICENT//                                OJO FITOSANITARIO // SENASA EMBALAJES
18	GMCI	18-GMCI-000053		EPIFANIO JIMENEZ E HIJOS S.A.	OPCBA_16674 /INV#PISS17-18/669	18001TRM4003939G	26/06/2018	NUEZ // COMINO // CURCUMA // ETA: 21/06 EN TRP // FITOSANITARIO // SENASA MADERA
18	GMCI	18-GMCI-000052		CYPRES SA	LATINBOOKS INTERNATIONAL S.A. A 12	18001IC05015407Y	11/07/2018	4903
18	GMCI	18-GMCI-000051		CYPRES SA	LATINBOOKS INTERNATIONAL SA A 15	18001IC05015418Z	11/07/2018	4901
18	GMCI	18-GMCI-000050		EPIFANIO JIMENEZ E HIJOS S.A.	OPCBA_16588 // INV#2009	18001TRM4003655B	08/06/2018	PEREJIL//OREGANO//SEMILLAS DE COMINO//HOJAS DE LAUREL// ETA: 06/06/2018 // T.4 // BUQUE MAERSK LINS// OJO FITOSANITARIO
18	GMCI	18-GMCI-000049		CIRCULO LATINO AUSTRAL S.A	CAMION JUNIO CADIEX INTERNATIONAL	18001SIMI207809T	15/06/2018	 
18	GMCI	18-GMCI-000048		MULTI HOUSING LAUNDRY S.A.	GIRBAU INC.#I-318179	18001IC04193127T	30/08/2018	IMPO:01-2018_REPUESTOS PARA LAVADORAS/ SECADORAS
18	GMCI	18-GMCI-000047		NOVELIBRO SA	VERONICA VAZQUEZ SARAVIA #282458	18001IC04145890A	03/07/2018	DIDACTICA INICIAL DIDACTICA PRIMARIA
18	GMCI	18-GMCI-000046		EPIFANIO JIMENEZ E HIJOS S.A.	OPCBA_16522//INV# 18UWN1845	18001TRM4003665C	08/06/2018	PAPEL FILTRO // ETA 06/06 // EXO_BUQUE: MSC LORETTA // SENASA MADERA
18	GMCI	18-GMCI-000045		LEDARGSA S.A.	INV# 03877/03878	18001IC04167442U	30/07/2018	CONTENEDOR# 04/18  // HLCUPTY180643196// CTR : UACU3453060//ETA : 27/07 //BUQUE: UASC BUBIYAN // EXOLGAN
18	GMCI	18-GMCI-000044		FERREYRA DIEGO JEREMIAS	INV # 20180413.02	18073IC04090545F	01/06/2018	SENSORES DE ESTACIONAMIENTO
18	GMCI	18-GMCI-000043		LEDARGSA S.A.	INV# 03875 y 03876	18001IC04167394D	30/07/2018	CONTENEDOR# 03/18  // HLCUPTY180643174 // CTR : UACU3826457//ETA : 27/07 //BUQUE: UASC BUBIYAN // EXOLGAN
18	GMCI	18-GMCI-000042		CYPRES SA	LATINBOOKS INTERNATIONAL SA # A 2	18001IC05011581N	21/05/2018	PEDIDO 4901
18	GMCI	18-GMCI-000041		EPIFANIO JIMENEZ E HIJOS S.A.	OPCBA_16351 // INV#006/18	18001TRM4002896H	04/05/2018	PIMIENTA BLANCA Y NEGRA // BUQUE : NORDAMELIA // ETA: 28/04 A TRP// CTR : HASU111183880//             OJO FITOSANITARIO  
18	GMCI	18-GMCI-000040		BORATEX SRL	INV# SH180426-1	18073IC04075486M	08/05/2018	AGUJAS
18	GMCI	18-GMCI-000039		LEDARGSA S.A.	INV# 03777,03778 Y 03779	18001IC04118662U	28/05/2018	CONTENEDOR# 02/18  // HLCUPTY180442186 // CTR : TRLU9172477 // ETA: 18/05 EXO // E.R.CANADA
18	GMCI	18-GMCI-000038		CYPRES SA	LATINBOOKS INTERNATIONAL SA # A 3	18001IC05011588U	21/05/2018	PEDIDO CAMION MAYO 4903
18	GMCI	18-GMCI-000037		EPIFANIO JIMENEZ E HIJOS S.A.	OPCBA 16277 // INV# 18UWN1350	18001TRM4002623S	23/04/2018	PAPEL FILTRO // BUQUE : MSC CADIZ // ETA: 19/04 EXO // CTR : MEDU6912066 //             OJO SENASA MADERA
18	GMCI	18-GMCI-000036		CYPRES SA	ANULADA	18001SIMI140383M	20/04/2018	Pedido Abril 4903 1
18	GMCI	18-GMCI-000035		PROEME	PROEME_ABRIL2018	18001SIMI132250G	16/04/2018	 
18	GMCI	18-GMCI-000034		BIASSONI E HIJOS S.A.I.C.A.	IM : 13470 // INV# HT171001	18001TRM4002505R	16/04/2018	PODADORES//PIEZAS PARA CIZALLAS // BUQUE : CAP SAN VICENTE // ETA : 30/03 //  DE T.4  A ADUANA SANTA FÉ.
18	GMCI	18-GMCI-000033		EFEPE S.A.	VALO INTERNATIONAL CO.,LTD V-180406	18073IC04089601G	31/05/2018	 
18	GMCI	18-GMCI-000032		GM CARGO SRL	PERTILCO CABEZALES	18008TRM4000258E	06/04/2018	TRM4 Nº 6=  DE ZARATE / CAMPANA  A UY_CASE IH 40 HEADERS
18	GMCI	18-GMCI-000031		EFEPE S.A.	VALO INTERNATIONAL LF-48-18	18001SIMI145438S	25/04/2018	 
18	GMCI	18-GMCI-000030		CYPRES SA	LATINBOOKS INV 2541 A 2545	18001IC05007816T	04/04/2018	Camion Zona Franca Pedido Marzo 4901
18	GMCI	18-GMCI-000029		EPIFANIO JIMENEZ E HIJOS S.A.	OPCBA _16114 /IHR2018000000033	18001TRM4002313Y	05/04/2018	OREGANO // CTR: BSIU9273889 // T.4 // FITOSANITARIO
18	GMCI	18-GMCI-000028		CIRCULO LATINO AUSTRAL S.A	CADIEX INTERNATIONAL SA INV: 2051	18001IC05009064Z	18/04/2018	FCB 0002-158
18	GMCI	18-GMCI-000027		EPIFANIO JIMENEZ E HIJOS S.A.	OPCBA _16095 /INV# 18UWN0710	18001TRM4001961W	19/03/2018	PAPEL FILTRO // MSC MARGARITA // MEDU6632471 // ETA : 15/03 EXOLGAN // SENASA MADERA
18	GMCI	18-GMCI-000026		CIRCULO LATINO AUSTRAL S.A	PUNTOCOM EDITORA S.A. INV:0000000101	18001IC04102853P	08/05/2018	 
18	GMCI	18-GMCI-000025		CIRCULO LATINO AUSTRAL S.A	Cadiex Internacional S.A. 2045	18001IC05008441Y	11/04/2018	FCB0002-157
18	GMCI	18-GMCI-000024		EPIFANIO JIMENEZ E HIJOS S.A.	OPCBA15751 _INV_RFK(SA)-001/18	18001TRM4001754W	09/03/2018	CAFE SOLUBLE // BOMAR RESOLVE // TRP  // CTR : TCLU346799-6                              ***TENER EN CUENTA EL  CERTIFICADO DE LIBRE CIRCULACION***
18	GMCI	18-GMCI-000023		CIRCULO LATINO AUSTRAL S.A	CIRANDA CULTURAL PUBLISHING #011-2017	18001IC04119807W	29/05/2018	Pedido Princesas / Dinosaurios.
18	GMCI	18-GMCI-000022		PROEME	4901/ FEBRERO	18001SIMI073611L	27/02/2018	 
18	GMCI	18-GMCI-000021		GM CARGO SRL	INV# FTCNH170106258	18008TRM4000201P	28/02/2018	TRM4 Nº 5  =  DE ZARATE / CAMPANA  A URUGUAY_cnee/CORPORACION DE MAQUINARIA S.A.
18	GMCI	18-GMCI-000020		SCAME ARGENTINA S.A.	SCAME IT#200163 / 200166	18001IC04075716W	04/04/2018	IMPORT. 1X40GP_ PROCED. ITALIA_TERMINAL 4
18	GMCI	18-GMCI-000019		GM CARGO SRL	INV# FTCNH170106870	18008TRM4000200Y	28/02/2018	TRM4 Nº 4  =  DE ZARATE / CAMPANA  A URUGUAY_cnee/CORPORACION DE MAQUINARIA S.A.
18	GMCI	18-GMCI-000018		LEDARGSA S.A.	CNP#03739 / 03740	18001IC04074155S	03/04/2018	PANAMA 2018-002 1X40HC
18	GMCI	18-GMCI-000017		CYPRES SA	LATINBOOKS INT 2500 A 2503	18001IC05004432K	26/02/2018	 
18	GMCI	18-GMCI-000016		SCAME ARGENTINA S.A.	INV # 200151	18073IC04026913D	16/02/2018	AEREO # 22
18	GMCI	18-GMCI-000015		SCAME ARGENTINA S.A.	TECHNO#TF95	18073IC04024512T	09/02/2018	TECHNO //  AEREO 21
18	GMCI	18-GMCI-000014		EPIFANIO JIMENEZ E HIJOS S.A.	OPCBA 15897// INV# 18UWN0038	18001TRM4001018P	07/02/2018	PAPEL FILTRO // TRHU2282371 // MSC KRYSTAL EN EXOLGAN
18	GMCI	18-GMCI-000013		CIRCULO LATINO AUSTRAL S.A	PUNTOCOM EDITORA S.A. INV 0000000098	18001IC04071226Y	27/03/2018	POCOYO // ENERO 2018
18	GMCI	18-GMCI-000012		SCAME ARGENTINA S.A.	INV # 200077	18073IC04027055B	16/02/2018	AEREO # 20
18	GMCI	18-GMCI-000011		SPORT SERVICES S.R.L.	1ER  PEDIDO GOBIERNO	18001SIMI030946P	22/01/2018	FOLIO ABIERTO PARA PODER TIRAR SIMI 3926
18	GMCI	18-GMCI-000009		SPORT SERVICES S.R.L.	AMK SPORTS INV: 762-18/AMK	18001IC04106732P	11/05/2018	 
18	GMCI	18-GMCI-000008		CYPRES SA	LATINBOOKS INT 2497 A 2499	18001IC05004440J	26/02/2018	PEDIDO ENERO /FEBRERO 4903
18	GMCI	18-GMCI-000007		NOVELIBRO SA	VERONICA VAZQUE INV. 282457	18001IC04027545T	30/01/2018	LIBRO DIDACTICA INICIAL 1º envio anual
18	GMCI	18-GMCI-000006		CYPRES SA	LATINBOOKS INT 2486 A 2489	18001IC05002187P	29/01/2018	 
18	GMCI	18-GMCI-000005		SCAME ARGENTINA S.A.	INV # 201941 / 201942	18001IC04032056M	05/02/2018	MARITIMO # 9
18	GMCI	18-GMCI-000004		CIRCULO LATINO AUSTRAL S.A	PUNTOCOM EDITORA S.A. 0000000096	18001IC04037849E	15/02/2018	MCD
18	GMCI	18-GMCI-000003		LEDARGSA S.A.	INV # 03667 / 03668/03669	18001IC04015044K	16/01/2018	#CONTENEDOR 15/17 // HLCUPTY171242700 // AMFU3161595 // EXOLGAN MSC LUDOVICA  12/01 //
18	GMCI	18-GMCI-000001		GM CARGO SRL	TEMPORAL ELROW M.D.PLATA	18001IT05000004S	17/01/2018	EVENTO MUSICAL MAR DEL PLATA 19/01/2018
17	GMCI	17-GMCI-000177		EDITORIAL ARTEMISA S.A.	MOON SRL 66	18001IC04043328Z	20/02/2018	 
17	GMCI	17-GMCI-000176		GRANJAS CARNAVES S.A.	IM : 12502 // INV # I53432-06	17001TRM4009018W	29/12/2017	 
17	GMCI	17-GMCI-000175		SPORT SERVICES S.R.L.	AMK SPORTS 756-18/AMK	18001IC04062948C	14/03/2018	PEDIDO DE GOBIERNO 2
17	GMCI	17-GMCI-000173		CIRCULO LATINO AUSTRAL S.A	PUNTOCOM EDITORA S.A. 0000000095	18001IC04048733V	27/02/2018	TOPPAN - PUNTOCOM  Pedido Diciembre  Lobo Estas?
17	GMCI	17-GMCI-000172		COACH ARGENTINA S.A.	DIGIPRINT#FV17-37651	17073IC04232617C	27/12/2017	IMPORT. AEREA DHL_s/ DIGIPRINT SUPPLIES
17	GMCI	17-GMCI-000171		CYPRES SA	LATINBOOKS INT 2453 2454	17001IC05030246L	27/12/2017	 
17	GMCI	17-GMCI-000170		COMPAÑIA AVICOLA S.A.	IM : 12458 // INV # 40028901	17001TRM4009015T	29/12/2017	MAERSL LINE EN T.4 A ADUANA STA FE
17	GMCI	17-GMCI-000169		GM CARGO SRL	INV #B20173000595	18008TRM4000048B	18/01/2018	TRM4 Nº 3  =  DE ZARATE / CAMPANA  A URUGUAY_cnee/CORPORACION DE MAQUINARIA S.A.
17	GMCI	17-GMCI-000168		SCAME ARGENTINA S.A.	INV # 201921 / 201922	18073IC04004960B	09/01/2018	AEREO # 19
17	GMCI	17-GMCI-000167		EPIFANIO JIMENEZ E HIJOS S.A.	OPCBA : Nº 15589 / INV# 1697	17001TRM4008780E	26/12/2017	EXOLGAN // MSC ARICA // FITOSANITARIO // PEREJIL // ALBAHACA // SEMILLAS DE COMINO
17	GMCI	17-GMCI-000166		BORATEX SRL	INV#SH171213-1	17073IC04229791L	21/12/2017	S/SAE HAN_KOREA_AEREO
17	GMCI	17-GMCI-000165		SCAME ARGENTINA S.A.	INV # 201807 Y 201808	18001IC04002185M	03/01/2018	MARITIMO # 8 // 3 FUPS
17	GMCI	17-GMCI-000164		CIRCULO LATINO AUSTRAL S.A	PUNTOCOM EDITORA SA 0000000093	18001IC04048777G	27/02/2018	TOPPAN - PUNTOCOM
17	GMCI	17-GMCI-000163		LEDARGSA S.A.	INV # 03647/03648 Y 03649	17001IC04266538C	18/12/2017	CONTENEDOR # 14
17	GMCI	17-GMCI-000162		SCAME ARGENTINA S.A.	SCAME#201826	17073IC04226369J	15/12/2017	IMPORTACION AEREA (18)
17	GMCI	17-GMCI-000161		LABORATORIOS PEYTE S.A.	IM S/D	17001TRM4008119A	29/11/2017	TRM4 Nº3 PEYTE // T.5 A VENADO TUERTO // 1X20 ST IMO
17	GMCI	17-GMCI-000160		GM CARGO SRL	INV # FTCNH170072340	17008TRM4000493E	28/11/2017	TRM4 Nº 2 =  DE ZARATE / CAMPANA A URUGUAY_cnee/PERTILCO S.A.
17	GMCI	17-GMCI-000159		GM CARGO SRL	INV·# FTCNH170085336	17008TRM4000492D	28/11/2017	TRM4 Nº 1  =  DE ZARATE / CAMPANA  A URUGUAY_cnee/PERTILCO S.A.
17	GMCI	17-GMCI-000158		PROEME	NOVIEMBRE 2	17001SIMI425651P	17/11/2017	 
17	GMCI	17-GMCI-000157		SPORT SERVICES S.R.L.	operativa disponible	17001SIMI451238P	07/12/2017	 
17	GMCI	17-GMCI-000155		SPORT SERVICES S.R.L.	750-17/AMK	18001SIMI008635P	08/01/2018	 
17	GMCI	17-GMCI-000154		SCAME ARGENTINA S.A.	SCAME#201687+201688	17001IC04262797F	13/12/2017	IMPORTACION MARITIMA (07)
17	GMCI	17-GMCI-000153		SCAME ARGENTINA S.A.	TECHNO#TF2354	17073IC04220255U	06/12/2017	IMPORTACION AEREO (17)
17	GMCI	17-GMCI-000152		PROEME	PROEME- NOVIEMBRE 17	17001SIMI415382P	10/11/2017	 
17	GMCI	17-GMCI-000151		CYPRES SA	LATINBOOKS INT 2484 2485	18001IC05002170H	29/01/2018	 
17	GMCI	17-GMCI-000149		CYPRES SA	LATINBOOKS ITN ·2422 A 2425	17001IC05026887E	22/11/2017	 
17	GMCI	17-GMCI-000148		LABORATORIOS PEYTE S.A.	TRM4 Nº2  PEYTE / IM11970_TRM LAB. PEYTE	17001TRM4007530T	07/11/2017	s/JIANGSU JINWANG#201704-11-WM-38_T5/CELIMEX (VENADO TUERTO)_1x20+1x40HC DC
17	GMCI	17-GMCI-000147		SERVIDIO PABLO ANTONIO	LOGOSOL AB  INV: 343539	18001IC04084234R	12/04/2018	FCA 0002-1051
17	GMCI	17-GMCI-000146		NOVELIBRO SA	INV# 282456	17001IC04241669A	16/11/2017	 
17	GMCI	17-GMCI-000145		SCAME ARGENTINA S.A.	INV# 201644	17073IC04201419V	07/11/2017	IMPORTACION AEREO (16) "DAKAR"_PROV.: SCAME PARRE S.P.A._PROCED.: ITALIA
17	GMCI	17-GMCI-000143		FLORIAN VON DER FECHT	INV#KK-US-T-AR NPNP-1020	17001IC04260509R	11/12/2017	IMPO:01/17_s/KUMKANG PRINTING_LCL DE COREA DEL SUR
17	GMCI	17-GMCI-000142		SCAME ARGENTINA S.A.	SCAME IT# 201564	17073IC04194150B	26/10/2017	IMPORTACION AEREO (15)_PROV.: SCAME PARRE S.P.A._PROCED.: ITALIA
17	GMCI	17-GMCI-000141		EPIFANIO JIMENEZ E HIJOS S.A.	INV # 17AFZ80019	17001TRM4007494F	07/11/2017	OPCBA # 15209 // EPIFANIO JIMENEZ S.A. // EXOLGAN/CACEC  SENASA MADERA // FITOSANITARIO // CTR : TRIU3676455 // AJO GRANULADO
17	GMCI	17-GMCI-000140		EPIFANIO JIMENEZ E HIJOS S.A.	INV# 17UWN4076	17001TRM4007019V	18/10/2017	OPCBA #15208 // EPIFANIO JIMENEZ S.A. // LLEGA A TRP // MONTE ACONCAGUA // SENASA MADERA // SUDU1353911
17	GMCI	17-GMCI-000139		SCAME ARGENTINA S.A.	SCAME IT#201469	17001IC04233896D	08/11/2017	IMPORTACION MARITIMA (06)_PROV.: SCAME PARRE S.P.A._PROCED.: ITALIA_1X40STD
17	GMCI	17-GMCI-000138		LEDARGSA S.A.	CNP·#03552+03553+03554	17001IC04227769F	01/11/2017	IMPORTACION MARITIMA PANAMA 13_PROVEEDOR.: CNP INVESTMENTS LTD_PROCEDENCIA: PANAMA
17	GMCI	17-GMCI-000137		LEDARGSA S.A.	CNP#03549+03550+03551	17001IC04227837B	01/11/2017	IMPORTACION MARITIMA PANAMA 12_PROVEEDOR.: CNP INVESTMENTS LTD_PROCEDENCIA: PANAMA
17	GMCI	17-GMCI-000131		CIRCULO LATINO AUSTRAL S.A	CADIEX INTERNATIONAL S.A. #2028	17001IC05024205J	23/10/2017	 
17	GMCI	17-GMCI-000130		BORATEX SRL	INV#SH170921-2	17073IC04179516K	06/10/2017	s/ SAE HAN INT._IMPORTACION AEREA_PROCED.: COREA DEL SUR
17	GMCI	17-GMCI-000129		CYPRES SA	LATINBOOKS INT#2388 A 2390	17001IC05024053K	19/10/2017	 
17	GMCI	17-GMCI-000128		EFEPE S.A.	DAGAN INTERNATIONAL #DC.171105	17073IC04210373U	22/11/2017	 
17	GMCI	17-GMCI-000127		CYPRES SA	LATINBOOKS INTERNATIONAL INV#2394 2395	17001IC04221076N	25/10/2017	4903 // SEPTIEMBRE
17	GMCI	17-GMCI-000126		SCAME ARGENTINA S.A.	PROCONECT#8185	17073IC04185102V	13/10/2017	IMPORTACION AEREA (14)_PROVEED.: PROCONECT SAS_PROCED.: FRANCIA
17	GMCI	17-GMCI-000125		SCAME ARGENTINA S.A.	SCAME IT#201350	17073IC04169698U	21/09/2017	IMPORTACION AEREA (13)_PROVEED.: SCAME PARRE S.P.A._PROCED.: ITALIA
17	GMCI	17-GMCI-000124		EPIFANIO JIMENEZ E HIJOS S.A.	OPCBA14953_TRM	17001TRM4006314S	19/09/2017	EPIFANIO J._s/UNISPICE#GA0170601/1/P-I_BACTSSA/CACEC_1X20
17	GMCI	17-GMCI-000123		SPORT SERVICES S.R.L.	DOUBLE D IMPORT #201708582	17001SIMI376736B	13/10/2017	ADIDAS LNA
17	GMCI	17-GMCI-000122		EPIFANIO JIMENEZ E HIJOS S.A.	OPCBA14346_TRM	17001TRM4006223R	14/09/2017	EPIFANIO J._s/URUN TARIM#IHR2017000000010_EXO/CACEC_1X40HC
17	GMCI	17-GMCI-000121		SPORT SERVICES S.R.L.	DOUBLE D IMPORT #INV708581	17001SIMI376969J	13/10/2017	ADIDAS GUANTES
17	GMCI	17-GMCI-000120		SCAME ARGENTINA S.A.	SCAME IT#201331	17001IC04218069V	23/10/2017	IMPORTACION MARITIMA (05)_PROV.: SCAME PARRE S.P.A._PROCED.: ITALIA_1X40STD 
17	GMCI	17-GMCI-000119		LEDARGSA S.A.	CNP#03527	17001IC04219233P	24/10/2017	IMPORTACION MARITIMA CHINA 04_PROVEEDOR.: CNP INVESTMENTS LTD_PROCEDENCIA: CHINA
17	GMCI	17-GMCI-000118		EPIFANIO JIMENEZ E HIJOS S.A.	OPCBA14346_TRM	17001TRM4006119V	12/09/2017	EPIFANIO J._s/PY. GUNUNG#060/GIP/VII/17_EXO/CACEC_1X20
17	GMCI	17-GMCI-000116		LEDARGSA S.A.	CNP#03517+03518+03519	17001IC04200515X	02/10/2017	PROCED.: PANAMA (11)_IMPORTACION MARITIMA_1x20
17	GMCI	17-GMCI-000115		BORATEX SRL	KERN_9104042	17001IC04246050M	23/11/2017	S/KERN-LIEBERS KNITTING PARTS GMBH
17	GMCI	17-GMCI-000114		NOVELIBRO SA	SEPTIEMBRE	17001IC04190956C	19/09/2017	 
17	GMCI	17-GMCI-000113		LABORATORIOS PEYTE S.A.	TRM4 Nº1 PEYTE	17001TRM4005982F	07/09/2017	LAB PEYTE_s/SHARD CROPCHEM#9110003926_EXO/CELIMEX (VENADO TUERTO)_1X40HC IMO c/ MADERA
17	GMCI	17-GMCI-000112		SPORT SERVICES S.R.L.	AMK SPORTS 728A-17/AMK	17001IC04274543U	27/12/2017	 
17	GMCI	17-GMCI-000111		SCAME ARGENTINA S.A.	TECHNO#C/772	17073IC04158040W	05/09/2017	IMPORTACION AEREA (12_MAT. PUBLICITARIO)_PROVEED: TECHNO SRL_PROCED.: ITALIA
17	GMCI	17-GMCI-000110		PROEME	25.8	17001SIMI311851L	29/08/2017	 
17	GMCI	17-GMCI-000109		CYPRES SA	LATINBOOKS INT #2343 A 2347	17001IC05019440Y	31/08/2017	PEDIDO AGOSTO 4901
17	GMCI	17-GMCI-000108		CYPRES SA	LATINBOOKS INT 2419 A 2421	17001IC05026875B	22/11/2017	 
17	GMCI	17-GMCI-000106		EPIFANIO JIMENEZ E HIJOS S.A.	OPCBA14715_TRM	17001TRM4005316T	10/08/2017	EPIFANIO_NGO GIA TRADING#120722_T5/CACEC_1X20
17	GMCI	17-GMCI-000105		SCAME ARGENTINA S.A.	SCAME IT#8005133	17073IC04156777Y	04/09/2017	IMPORTACION AEREA (11_FEDEX_WALL BOX)_PROVEED.: SCAME PARRE S.P.A._PROCED.: ITALIA
17	GMCI	17-GMCI-000104		LEDARGSA S.A.	INV#03475+03476	17001IC04170902Y	29/08/2017	PROCED.: PANAMA (10)_CNP INVESTMENTS_IMPORTACION MARITIMA_1x20
17	GMCI	17-GMCI-000103		SCAME ARGENTINA S.A.	INV# 201238	17073IC04153927X	29/08/2017	IMPORTACION AEREA (10)_PROV.: SCAME IT._PROCED.: ITALIA
17	GMCI	17-GMCI-000102		CIMINIERI KARINA FABIANA 	INV#	18001SIMI145994C	25/04/2018	PEDIDO SILLAS / MESAS  // HEBEI SANSHI FURNITURE
17	GMCI	17-GMCI-000101		EPIFANIO JIMENEZ E HIJOS S.A.	OPCBA14641_TRM	17001TRM4005340Z	11/08/2017	EPIFANIO_CHHATARIYA VEG EXPO#786/E15/2017-2018_T4/CACEC_1X20
17	GMCI	17-GMCI-000100		SPORT SERVICES S.R.L.	DOUBLE D IMPORT INV760447	17001IC04270847A	22/12/2017	ADIDAS
17	GMCI	17-GMCI-000099		EPIFANIO JIMENEZ E HIJOS S.A.	OPCBA14416_TRM	17001TRM4005085W	01/08/2017	EPIFANIO_NINGBO AFFOD AGRIC.·17AFZ80013_T5/CACEC_1X20
17	GMCI	17-GMCI-000098		SCAME ARGENTINA S.A.	SCAME IT#201180	17001IC04180278V	07/09/2017	IMPORTACION MARITIMA (04)_PROVEED.: SCAME PARRE S.P.A._PROCED.: ITALIA_1X40STD
17	GMCI	17-GMCI-000097		EFEPE S.A.	DAGAN#DC.171002	17001IC04262945A	13/12/2017	IMPO. LCL. MARITIMA_PROCED.: TAIWAN_PEDIDO:SW-915/2017
17	GMCI	17-GMCI-000096		SCAME ARGENTINA S.A.	SCAME UY#95653	17001IC03001389P	04/09/2017	IMPORTACION TERRESTRE (01)_PROVEED.: SCAME UY S.A._PROCED.: URUGUAY
17	GMCI	17-GMCI-000095		CIRCULO LATINO AUSTRAL S.A	PUNTOCOM EDITORA SA #0000000091	17001IC04165704S	23/08/2017	 
17	GMCI	17-GMCI-000094		LEDARGSA S.A.	INV#03451+03452	17001IC04147880A	31/07/2017	PROCED.: PANAMA (09)_CNP INVESTMENTS_IMPORTACION MARITIMA
17	GMCI	17-GMCI-000093		LEDARGSA S.A.	INV#03449+03450	17001IC04147351Z	31/07/2017	PROCED.: PANAMA (08)_CNP INVESTMENTS_IMPORTACION MARITIMA
17	GMCI	17-GMCI-000091		CYPRES SA	LATINBOOKS INT #2267 A 2270	17001IC05015815Z	24/07/2017	 
17	GMCI	17-GMCI-000089		EPIFANIO JIMENEZ E HIJOS S.A.	OPCBA14416_TRM	17001TRM4004510Y	10/07/2017	EPIFANIO_COOP.AGRIC.MISTA#019/17_TRP/CACEC_1X20
17	GMCI	17-GMCI-000088		EPIFANIO JIMENEZ E HIJOS S.A.	OPCBA14401_TRM	17001TRM4004379E	04/07/2017	EPIFANIO_AHLSTROM#17UWN2544_TRP/CACEC_1X20
17	GMCI	17-GMCI-000087		SERVIDIO PABLO ANTONIO	LOGOSOL AB INV#334559	17001IC04140207J	20/07/2017	IMPORT. MARITIMA (01)_PROV: LOGOSOL AB_PROCED.: SUECIA_LCL
17	GMCI	17-GMCI-000086		SCAME ARGENTINA S.A.	INV#201063	17073IC04129908K	25/07/2017	IMPORTACION AEREA (09)_PROV.: SCAME IT._PROCED.: ITALIA
17	GMCI	17-GMCI-000085		PROEME	JULIO 2017	17001SIMI269269D	31/07/2017	 
17	GMCI	17-GMCI-000084		SPORT SERVICES S.R.L.	AMK SPORT 728B-17/AMK	17001IC04273103L	26/12/2017	 
17	GMCI	17-GMCI-000083		EPIFANIO JIMENEZ E HIJOS S.A.	OPCBA14345_TRM	17001TRM4006222Z	14/09/2017	EPIFANIO J._s/AHLSTROM#17UWN3579_EXO/CACEC_1X20
17	GMCI	17-GMCI-000082		NOVELIBRO SA	INV.#282452	17001IC04127145P	04/07/2017	IMPORT. TERRESTRE (02)_PROV: VERONICA VAZQUEZ SARAVIA_PROCED.: URUGUAY
17	GMCI	17-GMCI-000081		CYPRES SA	LATINBOOKS INT #2271 2272	17001IC05015808S	24/07/2017	 
17	GMCI	17-GMCI-000080		COMPAÑIA AVICOLA S.A.	IM10676_TRM4_SFC	17001TRM4003956E	16/06/2017	EXO/SANTA FE_CIA AVICOLA SA_1X40GP
17	GMCI	17-GMCI-000079		SCAME ARGENTINA S.A.	INV#200879	17001IC04140525M	21/07/2017	IMPORTACION MARITIMA (03)_PROV.: SCAME IT._PROCED.: ITALIA_1X40GP
17	GMCI	17-GMCI-000078		SCAME ARGENTINA S.A.	SCAME IT#200898	17073IC04106714A	22/06/2017	IMPORTACION AEREA (08)_PROC.: ITALIA_"PROYECTO TREN SARMIENTO"
17	GMCI	17-GMCI-000077		CIRCULO LATINO AUSTRAL S.A	CADIEX INTERNATIONAL #2008	17001IC05014646R	11/07/2017	 
17	GMCI	17-GMCI-000075		PLUSCARGO CORDOBA SA	INV#03435	17001IC04143167R	25/07/2017	PROCED.: CHINA (03)_CNP INVESTMENTS_IMPORTACION MARITIMA
17	GMCI	17-GMCI-000074		CYPRES SA	Pedido 4901 Inmediato	16001SIMI208175Y	13/10/2016	SIMI  VENCIDA 14/04/2017
17	GMCI	17-GMCI-000073		CYPRES SA	Pedido Noviembre 4903	16001SIMI212684Y	18/10/2016	ANULADA 25/05/2017
17	GMCI	17-GMCI-000072		SCAME ARGENTINA S.A.	SCAME IT#200835	17073IC04100913S	13/06/2017	IMPORTACION AEREA (07)_PROCED.: ITALIA_SEMICOMPONENTES
17	GMCI	17-GMCI-000071		CIMINIERI KARINA FABIANA 	INV# HYZ072905	18001IC04121001B	29/05/2018	SILLAS
17	GMCI	17-GMCI-000070		SCAME ARGENTINA S.A.	SCAME IT#200777	17073IC04093765L	02/06/2017	IMPORTACION AEREA (06)_DHL_PROCED.: ITALIA
17	GMCI	17-GMCI-000068		LEDARGSA S.A.	INV#03402+03403	17001IC04115972U	19/06/2017	PROCED.: PANAMA (07)_CNP INVESTMENTS_IMPORTACION MARITIMA
17	GMCI	17-GMCI-000067		LEDARGSA S.A.	INV#03401	17001IC04115725Z	19/06/2017	PROCED.: PANAMA (06)_CNP INVESTMENTS_IMPORTACION MARITIMA
17	GMCI	17-GMCI-000066		CYPRES SA	LATINBOOKS INT #2217 A 2220	17001IC05013097Z	26/06/2017	 
17	GMCI	17-GMCI-000065		CIRCULO LATINO AUSTRAL S.A	INV.#0000000087	17001IC04116999H	21/06/2017	PROV.:PUNTOCOM EDITORA SA _LOBO ESTAS? X6 T + CD
17	GMCI	17-GMCI-000064		CIRCULO LATINO AUSTRAL S.A	INV.#0000000086	17001IC04117032J	21/06/2017	PROV.:PUNTOCOM EDITORA SA _COFRECITO X1T C/DVD
17	GMCI	17-GMCI-000063		SCAME ARGENTINA S.A.	SCAME IT#200693	17073IC04096928P	07/06/2017	IMPORTACION AEREA (05)
17	GMCI	17-GMCI-000062		SPORT SERVICES S.R.L.	NANTONG IRONMAN#KF1762-003	17001IC04091378A	15/05/2017	IMPORTACION MARITIMA 1X20 PARTE_PROCED.: NANTONG, CHINA
17	GMCI	17-GMCI-000061		CYPRES SA	LATINBOOKS INT #2238 A 2240	17001IC05015803N	24/07/2017	 
17	GMCI	17-GMCI-000060		EPIFANIO JIMENEZ E HIJOS S.A.	OPCBA#14044 (EPIFANIO)	17001TRM4003147T	15/05/2017	TRM EXOLGAN/CACEC_1X20HC_ECUACOFFEE S.A.#001-002-001139
17	GMCI	17-GMCI-000059		EPIFANIO JIMENEZ E HIJOS S.A.	OPCBA#14036 (EPIFANIO)	17001TRM4003109R	12/05/2017	TRM TRP/CACEC_1X40HC_BERLIK SPICES#1482
17	GMCI	17-GMCI-000058		EPIFANIO JIMENEZ E HIJOS S.A.	OPCBA#14035 (EPIFANIO)	17001TRM4003105N	12/05/2017	TRM TRP/CACEC_1X20_COOP. AGRIC. MISTA#009/17
17	GMCI	17-GMCI-000057		BORATEX SRL	SH170512-2_USD14400.00	17073IC04086596P	22/05/2017	PROV.: SAEHAN INT._IMPORTACION AEREA_PROCED.: COREA DEL SUR
17	GMCI	17-GMCI-000056		BORATEX SRL	DH-BORATEX-02_USD9690.00	17073IC04084988S	18/05/2017	PROV: DAE HAN_IMPORTACION AEREA_PROCED.: COREA DEL SUR
17	GMCI	17-GMCI-000055		PROEME	CARLOS	17001SIMI152470L	05/05/2017	 
17	GMCI	17-GMCI-000053		SCAME ARGENTINA S.A.	SCAME IT#200652	17073IC04083437G	17/05/2017	PROV.: SCAME IT_IMPORTACION AEREA (03)_"YPF-VACA MUERTA"
17	GMCI	17-GMCI-000052		BORATEX SRL	SAEHAN INT.#SH170227-1	17001IC04089569J	12/05/2017	IMPO. MAR. CONSOLIDADO_PROCED: KOREA_AGUJAS
17	GMCI	17-GMCI-000051		LEDARGSA S.A.	CNP INV.#03367	17001IC04090919A	15/05/2017	IMPORT. MARITIMA_PROCED.: PANAMA_1X20 GLDU312358/7
17	GMCI	17-GMCI-000050		EFEPE S.A.	INV.#DC.170703_USD1.495,64	17073IC04127278X	21/07/2017	PROV.:DAGAN INT._IMPO AREA_PROCED. TAIWAN. ORDEN#SW523/2017
17	GMCI	17-GMCI-000049		EPIFANIO JIMENEZ E HIJOS S.A.	OPCBA13899	17001TRM4002685C	25/04/2017	INV #17UWN1339 OJO LLEVA SENASA: TRAMITA MARENGO
17	GMCI	17-GMCI-000047		CIRCULO LATINO AUSTRAL S.A	CADIEX#1980 (CAMION)	17001IC05009369A	10/05/2017	Pedido Mayo. IMPO. TERR. FCOL.
17	GMCI	17-GMCI-000046		BORATEX SRL	SAEHAN INT.#SH170309-1B	17001IC01000368J	25/04/2017	IMPO. CORREO ARG._AVISO 1de2 (CM119697440AR)
17	GMCI	17-GMCI-000045		BORATEX SRL	SAEHAN INT.#SH170309-1A	17001IC01000367X	25/04/2017	IMPO. CORREO ARG._AVISO 1de2 (CM119697475AR)
17	GMCI	17-GMCI-000044		CORALINO S.A.	OPCBA13475  (CORALINO SA)	17001TRM4002656A	25/04/2017	INV # 5837 - TRM 3X40HC EXO/ CACEC 
17	GMCI	17-GMCI-000043		CYPRES SA	LATINBOOKS·#2167 A 2171	17001IC05007760Z	19/04/2017	IMPO_TERRESTRE_PROCED.: F.F.COLONIA
17	GMCI	17-GMCI-000042		SCAME ARGENTINA S.A.	TECHNO#TF631	17073IC04089917P	29/05/2017	IMPORTACION AEREA (04)_PROV.: TECHNO SRL_PROCED: ITALIA
17	GMCI	17-GMCI-000041		GRUMAQ SRL	IM10228 (GRUMAQ)	17001TRM4002551R	19/04/2017	TRM 1X40HC EXO/PAGODA - INV# FTCNH170013460 /170013462
17	GMCI	17-GMCI-000040		SCAME ARGENTINA S.A.	INV#200819	17001IC04131420G	10/07/2017	IMPORTACION MARITIMA (02)_PROV.: SCAME IT._PROCED.: ITALIA_1X40GP
17	GMCI	17-GMCI-000039		BORATEX SRL	SAEHAN INT.#SH170404-1	17073IC04065406C	20/04/2017	IMPO. AEREA DHL (GMC)_KERN-LIEBERS SINKERS (PLATINAS)
17	GMCI	17-GMCI-000038		SCAME ARGENTINA S.A.	SCAME PARRE#INV#200478	17073IC04061437C	12/04/2017	IMPO. AEREO 02-2017 - MATERIAL ELECTRICO INDUSTRIAL
17	GMCI	17-GMCI-000037		LEDARGSA S.A.	CNP#03343/03344	17001IC04067578F	11/04/2017	CONTENEDOR Nº 3 - 1*20 - PROCED: PANAMA
17	GMCI	17-GMCI-000036		LEDARGSA S.A.	CNP#03345/03346	17001IC04067639D	11/04/2017	CONTENEDOR Nº 4 - 1x20 - PROCED. PANAMA - 1005CTNS
17	GMCI	17-GMCI-000035		EPIFANIO JIMENEZ E HIJOS S.A.	OPCBA#13701	17001TRM4002124N	31/03/2017	TRM EPIFANIO TRP/CACEC
17	GMCI	17-GMCI-000034		EPIFANIO JIMENEZ E HIJOS S.A.	OPCBA13678	17001TRM4001889H	20/03/2017	TRAM EPIFANIO JIMENEZ
17	GMCI	17-GMCI-000033		EFEPE S.A.	INV.#DC.170510_USD6.345,56	17073IC04084977Z	18/05/2017	PROV.:DAGAN INT._IMPO_AREA_PROCED. TAIWAN. ORDEN#SW266/2017
17	GMCI	17-GMCI-000032		SPORT SERVICES S.R.L.	NANTONG IRONMAN#KF1762-004	17001IC04091260N	15/05/2017	IMPORTACION MARITIMA 1X20PARTE_PROCED.: NANTONG, CHINA
17	GMCI	17-GMCI-000031		SCAME ARGENTINA S.A.	SCAME PARRE-INV#200298	17001IC04080154N	28/04/2017	MARITIMO 01-2017 
17	GMCI	17-GMCI-000029		INDUSTRIA METALURGICA EN ACERO INOX	IM12081	17001TRM4007710T	14/11/2017	cnee/IMAI_TRM4 1x20 OT_EXO/RAFAELA
17	GMCI	17-GMCI-000027		BORATEX SRL	SAEHAN INT#SH170303-1	17001IC01000242A	15/03/2017	IMPO. CORREO ARGENTINO 1
17	GMCI	17-GMCI-000026		NOVELIBRO SA	ZONALIBRO S.A.#019102	17001IC04054471Z	21/03/2017	IMPO. TERRESTRE DE URUGUAY. LA POESIA EN EL JARDIN
17	GMCI	17-GMCI-000025		EPIFANIO JIMENEZ E HIJOS S.A.	OPCBA13530	17001TRM4001440N	02/03/2017	COPERATIVA AGRICOLA 005/17 TRM EPIFANIO TRANSITO TRP/ CACEC
17	GMCI	17-GMCI-000024		SCAME ARGENTINA S.A.	SCAME PARRE SPA#200294	17073IC04040937E	13/03/2017	IMPORTACION AEREA
17	GMCI	17-GMCI-000022		LEDARGSA S.A.	C.N.P. INV.#03302_03303	17001IC04043429R	07/03/2017	IMPO. MAR. PROCEDENCIA PANAMA 1X20 GESU107004/9
17	GMCI	17-GMCI-000021		LEDARGSA S.A.	C.N.P.#03314	17001IC04058493B	28/03/2017	IMPO. MARIT. PROC.: CHINA 1X20 SEGU137009/8
17	GMCI	17-GMCI-000020		PROEME	LUNGARINI IMPO FEB2017	17001SIMI051387Z	13/02/2017	 
17	GMCI	17-GMCI-000019		CULTURAL LIBRERA AMERICANA S.A.	TOPPAN EXCEL  (HONG KONG) INV:A160301022	17001IC04062527R	04/04/2017	 
17	GMCI	17-GMCI-000018		CYPRES SA	FC-TE0120012TP-TE0125009TP	17001IC04048773B	14/03/2017	 
17	GMCI	17-GMCI-000017		CYPRES SA	Pedido 4901 Febrero	17001SIMI047864V	09/02/2017	 
17	GMCI	17-GMCI-000016		EPIFANIO JIMENEZ E HIJOS S.A.	OPCBA13409 -- TRM EPIFANIO J.	17001TRM4000940R	08/02/2017	AHLSTROM#17UWN0116 1X20 SUDU1986118 TRM TRP/CACEC OPCBA13409 -- TRM EPIFANIO J.
17	GMCI	17-GMCI-000015		CIRCULO LATINO AUSTRAL S.A	PUNTOCOM EDIT#000079	17001IC04038870V	01/03/2017	IMPO. MARITIMA dde CHINA ENCICLO PEDAGOGICA+ED.ESPECIAL+COLORIMETRIA
17	GMCI	17-GMCI-000014		CIRCULO LATINO AUSTRAL S.A	PUNTOCOM EDIT#000080	17001IC04038850T	01/03/2017	IMPO. MARIT. DESDE CHINA MAS CLASES DIARIAS
17	GMCI	17-GMCI-000012		LEDARGSA S.A.	C.N.P. INV.#03267	17001IC04033951Z	20/02/2017	IMPO DESDE CHINA 1X20 TEMU073239/4
17	GMCI	17-GMCI-000010		CULTURAL LIBRERA AMERICANA S.A.	OPERATIVA LIBRE	17001IC04058007P	28/03/2017	 
17	GMCI	17-GMCI-000009		CYPRES SA	LATINBOOKS#2078a2080	17001IC05003778V	23/02/2017	IMPO. TERRESTRE ZFCOLONIA CAMION COMPLETO
17	GMCI	17-GMCI-000008		CYPRES SA	LATINBOOKS INT #2086 A 2089	17001IC05004690P	09/03/2017	Pedido Enero 4903
17	GMCI	17-GMCI-000007		EDITORIAL ARTEMISA S.A.	4903	17001SIMI020551F	18/01/2017	FIEL REFLEJO DE 16-GMCI-000016 16001 SIMI 261366 P
17	GMCI	17-GMCI-000006		CIRCULO LATINO AUSTRAL S.A	PUNTOCOM EDITORA#000076	17001IC04034098T	20/02/2017	IMPO. DESDE CHINA 1X40GP s/ TOPPAN EXCEL HK "PEQUEÑOS DOCTORES"
17	GMCI	17-GMCI-000005		EFEPE S.A.	DRAGON ASI-PAC LIMITED C160400051	17001IC04022222F	02/02/2017	ACERO TREFILADO
17	GMCI	17-GMCI-000004		SPORT SERVICES S.R.L.	ADIDAS	17001SIMI081885W	10/03/2017	***ADIDAS***
17	GMCI	17-GMCI-000003		SPORT SERVICES S.R.L.	INV:KF16H2-016	17001IC04067203N	11/04/2017	PROV: NANTONG IRONMAN FITNESS. IMPO FCL CONSOLIDADA. 2X40ST+1X40PARTE 
17	GMCI	17-GMCI-000002		SPORT SERVICES S.R.L.	KF16H2-017	17001IC04067259B	11/04/2017	PROV: NANTONG IRONMAN FITNESS. IMPO FCL CONSOLIDADA. 1X40PARTE
17	GMCI	17-GMCI-000001		SPORT SERVICES S.R.L.	AMK#665A-16/AMK	17001IC04064857C	07/04/2017	IMPO. MARIT. 1X40HC PARTE (PAKISTAN) RODILLERAS DE VOLEY/ VENDAS /FOCOS / BUCAL
16	GMCI	16-GMCI-000051		CYPRES SA	TOPPAN LEEFUNG#TE1027015SP/7021SP	16001IC04160255N	23/12/2016	IMPO. MAR. CONSOLIDADO (SENATOR) (VMG GMI16000202)
16	GMCI	16-GMCI-000050		SPORT SERVICES S.R.L.	AMK#665B-16/AMK	17001IC04064933U	07/04/2017	IMPO. MARIT. 1X40HC PARTE, FM: PAKISTAN GUANTES/GUANTINES//CIELO Y TIERRA/PERA/TIBIAL/COLLERANEOPRENE
16	GMCI	16-GMCI-000048		CIRCULO LATINO AUSTRAL S.A		17001SIMI001768Y	03/01/2017	PEQUEÑOS DOCTORES
16	GMCI	16-GMCI-000047		LEDLAR S.A.P.E.M.	OPCBA12739 -- LEDLAR SAPEM	17001TRM4000028Y	03/01/2017	TRM 1X40HC HMCU9131070 T5/ZOFRACOR
16	GMCI	16-GMCI-000046		LEDLAR S.A.P.E.M.	OPCBA12739 -- LEDLAR SAPEM	16001TRM4005469E	27/12/2016	TRM 1X40HC EITU1121103 T5/ZOFRACOR
16	GMCI	16-GMCI-000045		LEDLAR S.A.P.E.M.	OPCBA12739 - LEDLAR SAPEM	16001TRM4005468D	27/12/2016	TRM 1X40HC EITU1318474 T5/ZOFRACOR
16	GMCI	16-GMCI-000043		EPIFANIO JIMENEZ E HIJOS S.A.	OPCBA13121 -- TRM EPIFANIO J.	16001TRM4005293W	20/12/2016	AHLSTROM#16UWN5371 1X20 FCIU4262539 TRM TRP/CACEC 
16	GMCI	16-GMCI-000042		EFEPE S.A.	DAGAN#DC.161204 USD11,245.40	16073IC04224227W	28/12/2016	IMPO. AEREA. CORRELACIONADA CON #DC.161224 I160040 (ORDEN#SW-1068/2016)
16	GMCI	16-GMCI-000041		SPORT SERVICES S.R.L.	AMK#629A-16/AMK	16001IC04160242J	23/12/2016	IMPO. MAR. 1X20 PARTE GUANTES
16	GMCI	16-GMCI-000040		EFEPE S.A.	DAGAN#DC.161224	16073IC04224267D	28/12/2016	IMPO. AEREA. CORRELACIONADA CON #DC.161204 I160042 (ORDEN#SW-1400/2016)
16	GMCI	16-GMCI-000039		STIRNEMANN CESAR CARLOS GUILLERMO	IM9328 -- TRM STIRNEMANN	16001TRM4005154S	14/12/2016	HAO YU#HY-PI10508055 1X20 TTO EXO/PTO. SANTA FE
16	GMCI	16-GMCI-000038		SPORT SERVICES S.R.L.	AMK SPORT#629B-1616	16001IC04160252K	23/12/2016	IMPO. MAR. 1X20 PARTE TIBIALES y CABEZALES
16	GMCI	16-GMCI-000037		GRUMAQ SRL	IM9325 -- TRM GRUMAQ SRL	16001TRM4005078A	13/12/2016	CNHI#FTCNH160086576,160086578,160086580,160086582. 1X40HC FCIU821025/6 TTO. EXO/PAGODA
16	GMCI	16-GMCI-000036		DOMATEL SRL	C&T#A41758-01	17001IC04082211J	03/05/2017	IMPORTACION MARITIMA_1X20 PARTE_ PROCED.:CHINA
16	GMCI	16-GMCI-000035		DOMATEL SRL	HAVIT#HVT-170327	17001IC04107842R	07/06/2017	IMPORTACION 1X20_PROCED.: CHINA_L.N.A.
16	GMCI	16-GMCI-000034		DOMATEL SRL	LITU#0720001	17001IC04082086T	03/05/2017	IMPORTACION MARITIMA_1X20 PARTE_PROCED.: CHINA
16	GMCI	16-GMCI-000032		CYPRES SA	LATINBOOKS#1993/1994	16001IC05017612M	12/12/2016	IMPO. TERR. ZFCOLONIA
16	GMCI	16-GMCI-000031		LEDLAR S.A.P.E.M.	GYCE20160704- 6	16001TRM4004956E	05/12/2016	1X40HC EITU170932/9, TRM:T5/ZOFRACOR
16	GMCI	16-GMCI-000030		LEDLAR S.A.P.E.M.	GYCE20160704- 5	16001TRM4004939F	05/12/2016	1X40HC TEMU734212/4, TRM:T5/ZOFRACOR
16	GMCI	16-GMCI-000028		LEDLAR S.A.P.E.M.	GYCE20160704- 1	16001TRM4004955D	05/12/2016	1X40HC EMCU958206/5, TRM:T5/ZOFRACOR
16	GMCI	16-GMCI-000027		LEDLAR S.A.P.E.M.	GYCE20160704- 2	16001TRM4004952A	05/12/2016	1X40HC BMOU402172/3, TRM:T5/ZOFRACOR
16	GMCI	16-GMCI-000026		LEDARGSA S.A.	CNP##03193/03194	16001IC04127301X	07/11/2016	LEXUS AR#22 IMPO.MAR.1X20
16	GMCI	16-GMCI-000025		LEDARGSA S.A.	CNP#03191//03192	16001IC04127218P	07/11/2016	LEXUS AR#21 IMPO.MAR.1X20
16	GMCI	16-GMCI-000021		CYPRES SA	INV # 1914/1915/1916	16001IC05015424L	10/11/2016	 
16	GMCI	16-GMCI-000019		LEDARGSA S.A.	CNP#03236/03237	16001IC04150010B	12/12/2016	CONT#26 1X20 FSCU765204/1
16	GMCI	16-GMCI-000018		LEDARGSA S.A.	CNP#03234/03235	16001IC04149892E	12/12/2016	CONT#25 1X20 HLBU137220/2
16	GMCI	16-GMCI-000017		ELECTRO CORDOBA S.A.	OPCBA12926 cl/ELECTRO CORDOBA SA	16001TRM4004715U	22/11/2016	1X20 TRM EXO/CACEC
16	GMCI	16-GMCI-000016		EDITORIAL ARTEMISA S.A.		16001SIMI261366P	23/11/2016	4903
16	GMCI	16-GMCI-000015		LEDARGSA S.A.	CNP#03220,03221,03222	16001IC04141477S	29/11/2016	IMPO. MAR. 1X20 #24-16
16	GMCI	16-GMCI-000014		LEDARGSA S.A.	CNP#03217,03218,03219	16001IC04141299U	29/11/2016	IMPO. MAR. 1X20 #23-16
16	GMCI	16-GMCI-000012		CYPRES SA	LATINBOOKS#1939,1940	16001IC05016470N	24/11/2016	IMPO. TERRESTRE. DDE: ZFCOLONIA, UY
16	GMCI	16-GMCI-000011		EDITORIAL ARTEMISA S.A.	188	16001IC04152732Y	14/12/2016	 
16	GMCI	16-GMCI-000010		EPIFANIO JIMENEZ E HIJOS S.A.	OPCBA12923 cl/EPIFANIO JIMENEZ	16001TRM4004677E	21/11/2016	AROMATICO INVER#000651 1X20 HASU1565311 TRM TRP/CACEC
16	GMCI	16-GMCI-000009		COMPAÑIA AVICOLA S.A.	IM8987 -- COMPAÑIA AVICOLA S.A	16001TRM4004229U	28/10/2016	TWINPACK#INV #40027377/20 1x40STD TRM EXO/SANTA FE
16	GMCI	16-GMCI-000008		CIRCULO LATINO AUSTRAL S.A	0000000072	16001IC04157728B	21/12/2016	SIMI EL MUNDO DE POCOYO Y SUS AMIGOS  EMBARQUE DESDE CHINA 
16	GMCI	16-GMCI-000007		EPIFANIO JIMENEZ E HIJOS S.A.	OPCBA12816 -- EPIFANIO JIMENEZ	16001TRM4004435T	08/11/2016	SWANI#PISS1617/227 1X20 SUDU7704269 TRM TRP/CACEC
16	GMCI	16-GMCI-000005		CIRCULO LATINO AUSTRAL S.A	SIMI CAMION DICIEMBRE 4901	16001IC05017940Z	14/12/2016	 
16	GMCI	16-GMCI-000003		CYPRES SA	LATINBOOKS#1935->1938	16001IC05016066Y	21/11/2016	Proforma Noviembre 4901 IMPO. TERR. ZFCOLONIA